Site;Imaging;biomass
exposed_1;img_biomass_Asplancha;0,00000000
exposed_1;img_biomass_Balanidae;4507,88880600
exposed_1;img_biomass_Bivalvia;0,00000000
exposed_1;img_biomass_Bosmina;10518,40721000
exposed_1;img_biomass_Cercopagis_pengoi;0,00000000
exposed_1;img_biomass_Ceriodaphnia;0,00000000
exposed_1;img_biomass_Daphnia;0,00000000
exposed_1;img_biomass_Daphnia_cucullata;0,00000000
exposed_1;img_biomass_Diplostraca;0,00000000
exposed_1;img_biomass_Eurytemora;800,00000000
exposed_1;img_biomass_Evadne;1000,00000000
exposed_1;img_biomass_Gastropoda;0,00000000
exposed_1;img_biomass_Harpacticoida;0,00000000
exposed_1;img_biomass_Helicostomella_subulata;616,07813670
exposed_1;img_biomass_Keratella;0,00000000
exposed_1;img_biomass_Keratella_cochlearis;6010,51840700
exposed_1;img_biomass_Keratella_cruciformis;0,00000000
exposed_1;img_biomass_Keratella_quadrata;6010,51840800
exposed_1;img_biomass_Polychaeta;0,00000000
exposed_1;img_biomass_Podon;11000,00000000
exposed_1;img_biomass_Rotifera;0,00000000
exposed_1;img_biomass_Sididae;0,00000000
exposed_1;img_biomass_Synchaeta;0,00000000
exposed_1;img_biomass_Tintinnopsis;0,00000000
exposed_1;img_biomass_all_cyclo;0,00000000
exposed_1;img_biomass_all_cop;0,00000000
exposed_1;img_biomass_ac_total;15026,29602000
exposed_1;img_biomass_all_cal;26636,81442800
exposed_2;img_biomass_Asplancha;0,00000000
exposed_2;img_biomass_Balanidae;5072,06726700
exposed_2;img_biomass_Bivalvia;2461,03363400
exposed_2;img_biomass_Bosmina;13934,82362000
exposed_2;img_biomass_Cercopagis_pengoi;0,00000000
exposed_2;img_biomass_Ceriodaphnia;0,00000000
exposed_2;img_biomass_Daphnia;0,00000000
exposed_2;img_biomass_Daphnia_cucullata;0,00000000
exposed_2;img_biomass_Diplostraca;0,00000000
exposed_2;img_biomass_Eurytemora;1600,00000000
exposed_2;img_biomass_Evadne;0,00000000
exposed_2;img_biomass_Gastropoda;22969,64725000
exposed_2;img_biomass_Harpacticoida;0,00000000
exposed_2;img_biomass_Helicostomella_subulata;771,12387200
exposed_2;img_biomass_Keratella;7383,10090200
exposed_2;img_biomass_Keratella_cochlearis;44298,60541000
exposed_2;img_biomass_Keratella_cruciformis;1640,68908900
exposed_2;img_biomass_Keratella_quadrata;29532,40360000
exposed_2;img_biomass_Polychaeta;1400,00000000
exposed_2;img_biomass_Podon;103441,34540000
exposed_2;img_biomass_Rotifera;0,00000000
exposed_2;img_biomass_Sididae;0,00000000
exposed_2;img_biomass_Synchaeta;0,00000000
exposed_2;img_biomass_Tintinnopsis;295,32403600
exposed_2;img_biomass_all_cyclo;8203,44544800
exposed_2;img_biomass_all_cop;22969,64726000
exposed_2;img_biomass_ac_total;39376,53814000
exposed_2;img_biomass_all_cal;89153,07628000
exposed_3;img_biomass_Asplancha;0,00000000
exposed_3;img_biomass_Balanidae;9426,55145400
exposed_3;img_biomass_Bivalvia;0,00000000
exposed_3;img_biomass_Bosmina;1750,00000000
exposed_3;img_biomass_Cercopagis_pengoi;0,00000000
exposed_3;img_biomass_Ceriodaphnia;0,00000000
exposed_3;img_biomass_Daphnia;0,00000000
exposed_3;img_biomass_Daphnia_cucullata;0,00000000
exposed_3;img_biomass_Diplostraca;0,00000000
exposed_3;img_biomass_Eurytemora;800,00000000
exposed_3;img_biomass_Evadne;2000,00000000
exposed_3;img_biomass_Gastropoda;1400,00000000
exposed_3;img_biomass_Harpacticoida;0,00000000
exposed_3;img_biomass_Helicostomella_subulata;989,78790260
exposed_3;img_biomass_Keratella;4713,27572700
exposed_3;img_biomass_Keratella_cochlearis;34564,02200000
exposed_3;img_biomass_Keratella_cruciformis;1571,09190900
exposed_3;img_biomass_Keratella_quadrata;9426,55145400
exposed_3;img_biomass_Polychaeta;0,00000000
exposed_3;img_biomass_Podon;14000,00000000
exposed_3;img_biomass_Rotifera;0,00000000
exposed_3;img_biomass_Sididae;0,00000000
exposed_3;img_biomass_Synchaeta;0,00000000
exposed_3;img_biomass_Tintinnopsis;345,64022000
exposed_3;img_biomass_all_cyclo;0,00000000
exposed_3;img_biomass_all_cop;7884,36763600
exposed_3;img_biomass_ac_total;113576,43363000
exposed_3;img_biomass_all_cal;233673,21289000
exposed_4;img_biomass_Asplancha;0,00000000
exposed_4;img_biomass_Balanidae;9523,80952500
exposed_4;img_biomass_Bivalvia;0,00000000
exposed_4;img_biomass_Bosmina;13561,11111000
exposed_4;img_biomass_Cercopagis_pengoi;0,00000000
exposed_4;img_biomass_Ceriodaphnia;0,00000000
exposed_4;img_biomass_Daphnia;0,00000000
exposed_4;img_biomass_Daphnia_cucullata;0,00000000
exposed_4;img_biomass_Diplostraca;0,00000000
exposed_4;img_biomass_Eurytemora;4800,00000000
exposed_4;img_biomass_Evadne;0,00000000
exposed_4;img_biomass_Gastropoda;0,00000000
exposed_4;img_biomass_Harpacticoida;250,00000000
exposed_4;img_biomass_Helicostomella_subulata;2063,49206300
exposed_4;img_biomass_Keratella;0,00000000
exposed_4;img_biomass_Keratella_cochlearis;25396,82540000
exposed_4;img_biomass_Keratella_cruciformis;6349,20634900
exposed_4;img_biomass_Keratella_quadrata;41269,84126000
exposed_4;img_biomass_Polychaeta;0,00000000
exposed_4;img_biomass_Podon;69492,06350000
exposed_4;img_biomass_Rotifera;0,00000000
exposed_4;img_biomass_Sididae;0,00000000
exposed_4;img_biomass_Synchaeta;0,00000000
exposed_4;img_biomass_Tintinnopsis;476,19047620
exposed_4;img_biomass_all_cyclo;7936,50793800
exposed_4;img_biomass_all_cop;38895,23810000
exposed_4;img_biomass_ac_total;153580,95240000
exposed_4;img_biomass_all_cal;309390,47620000
exposed_5;img_biomass_Asplancha;0,00000000
exposed_5;img_biomass_Balanidae;5134,81063800
exposed_5;img_biomass_Bivalvia;0,00000000
exposed_5;img_biomass_Bosmina;15050,00000000
exposed_5;img_biomass_Cercopagis_pengoi;0,00000000
exposed_5;img_biomass_Ceriodaphnia;0,00000000
exposed_5;img_biomass_Daphnia;0,00000000
exposed_5;img_biomass_Daphnia_cucullata;0,00000000
exposed_5;img_biomass_Diplostraca;0,00000000
exposed_5;img_biomass_Eurytemora;8000,00000000
exposed_5;img_biomass_Evadne;2000,00000000
exposed_5;img_biomass_Gastropoda;0,00000000
exposed_5;img_biomass_Harpacticoida;0,00000000
exposed_5;img_biomass_Helicostomella_subulata;1627,71958100
exposed_5;img_biomass_Keratella;0,00000000
exposed_5;img_biomass_Keratella_cochlearis;0,00000000
exposed_5;img_biomass_Keratella_cruciformis;1611,60354600
exposed_5;img_biomass_Keratella_quadrata;9669,62127400
exposed_5;img_biomass_Polychaeta;0,00000000
exposed_5;img_biomass_Podon;2000,00000000
exposed_5;img_biomass_Rotifera;0,00000000
exposed_5;img_biomass_Sididae;0,00000000
exposed_5;img_biomass_Synchaeta;0,00000000
exposed_5;img_biomass_Tintinnopsis;0,00000000
exposed_5;img_biomass_all_cyclo;750,00000000
exposed_5;img_biomass_all_cop;6446,41418200
exposed_5;img_biomass_ac_total;8023,20709200
exposed_5;img_biomass_all_cal;23223,20709200
exposed_6;img_biomass_Asplancha;0,00000000
exposed_6;img_biomass_Balanidae;0,00000000
exposed_6;img_biomass_Bivalvia;0,00000000
exposed_6;img_biomass_Bosmina;1050,00000000
exposed_6;img_biomass_Cercopagis_pengoi;0,00000000
exposed_6;img_biomass_Ceriodaphnia;0,00000000
exposed_6;img_biomass_Daphnia;0,00000000
exposed_6;img_biomass_Daphnia_cucullata;0,00000000
exposed_6;img_biomass_Diplostraca;0,00000000
exposed_6;img_biomass_Eurytemora;0,00000000
exposed_6;img_biomass_Evadne;0,00000000
exposed_6;img_biomass_Gastropoda;0,00000000
exposed_6;img_biomass_Harpacticoida;0,00000000
exposed_6;img_biomass_Helicostomella_subulata;320,25620500
exposed_6;img_biomass_Keratella;0,00000000
exposed_6;img_biomass_Keratella_cochlearis;40032,02562000
exposed_6;img_biomass_Keratella_cruciformis;0,00000000
exposed_6;img_biomass_Keratella_quadrata;3202,56205000
exposed_6;img_biomass_Polychaeta;0,00000000
exposed_6;img_biomass_Podon;0,00000000
exposed_6;img_biomass_Rotifera;0,00000000
exposed_6;img_biomass_Sididae;0,00000000
exposed_6;img_biomass_Synchaeta;0,00000000
exposed_6;img_biomass_Tintinnopsis;32,02562050
exposed_6;img_biomass_all_cyclo;0,00000000
exposed_6;img_biomass_all_cop;0,00000000
exposed_6;img_biomass_ac_total;22417,93434000
exposed_6;img_biomass_all_cal;32023,05844000
semi_1;img_biomass_Asplancha;0,00000000
semi_1;img_biomass_Balanidae;1050,00000000
semi_1;img_biomass_Bivalvia;0,00000000
semi_1;img_biomass_Bosmina;33407,47304000
semi_1;img_biomass_Cercopagis_pengoi;0,00000000
semi_1;img_biomass_Ceriodaphnia;750,00000000
semi_1;img_biomass_Daphnia;0,00000000
semi_1;img_biomass_Daphnia_cucullata;0,00000000
semi_1;img_biomass_Diplostraca;0,00000000
semi_1;img_biomass_Eurytemora;10400,00000000
semi_1;img_biomass_Evadne;1000,00000000
semi_1;img_biomass_Gastropoda;700,00000000
semi_1;img_biomass_Harpacticoida;0,00000000
semi_1;img_biomass_Helicostomella_subulata;5161,78736500
semi_1;img_biomass_Keratella;2311,24807400
semi_1;img_biomass_Keratella_cochlearis;160246,53310000
semi_1;img_biomass_Keratella_cruciformis;3081,66409900
semi_1;img_biomass_Keratella_quadrata;27734,97688000
semi_1;img_biomass_Polychaeta;0,00000000
semi_1;img_biomass_Podon;13000,00000000
semi_1;img_biomass_Rotifera;0,00000000
semi_1;img_biomass_Sididae;0,00000000
semi_1;img_biomass_Synchaeta;0,00000000
semi_1;img_biomass_Tintinnopsis;0,00000000
semi_1;img_biomass_all_cyclo;0,00000000
semi_1;img_biomass_all_cop;6163,32819800
semi_1;img_biomass_ac_total;3681,66409800
semi_1;img_biomass_all_cal;59889,98458800
semi_2;img_biomass_Asplancha;0,00000000
semi_2;img_biomass_Balanidae;9032,30940000
semi_2;img_biomass_Bivalvia;0,00000000
semi_2;img_biomass_Bosmina;1750,00000000
semi_2;img_biomass_Cercopagis_pengoi;0,00000000
semi_2;img_biomass_Ceriodaphnia;0,00000000
semi_2;img_biomass_Daphnia;0,00000000
semi_2;img_biomass_Daphnia_cucullata;0,00000000
semi_2;img_biomass_Diplostraca;0,00000000
semi_2;img_biomass_Eurytemora;800,00000000
semi_2;img_biomass_Evadne;2000,00000000
semi_2;img_biomass_Gastropoda;1400,00000000
semi_2;img_biomass_Harpacticoida;0,00000000
semi_2;img_biomass_Helicostomella_subulata;458,91931900
semi_2;img_biomass_Keratella;0,00000000
semi_2;img_biomass_Keratella_cochlearis;47372,31680000
semi_2;img_biomass_Keratella_cruciformis;2960,76980000
semi_2;img_biomass_Keratella_quadrata;8882,30940000
semi_2;img_biomass_Polychaeta;0,00000000
semi_2;img_biomass_Podon;18000,00000000
semi_2;img_biomass_Rotifera;0,00000000
semi_2;img_biomass_Sididae;0,00000000
semi_2;img_biomass_Synchaeta;0,00000000
semi_2;img_biomass_Tintinnopsis;0,00000000
semi_2;img_biomass_all_cyclo;3700,96225000
semi_2;img_biomass_all_cop;14803,84900000
semi_2;img_biomass_ac_total;16003,84900000
semi_2;img_biomass_all_cal;33125,38860000
semi_3;img_biomass_Asplancha;9002,25056400
semi_3;img_biomass_Balanidae;9602,25056400
semi_3;img_biomass_Bivalvia;0,00000000
semi_3;img_biomass_Bosmina;2800,00000000
semi_3;img_biomass_Cercopagis_pengoi;0,00000000
semi_3;img_biomass_Ceriodaphnia;0,00000000
semi_3;img_biomass_Daphnia;0,00000000
semi_3;img_biomass_Daphnia_cucullata;0,00000000
semi_3;img_biomass_Diplostraca;0,00000000
semi_3;img_biomass_Eurytemora;4800,00000000
semi_3;img_biomass_Evadne;0,00000000
semi_3;img_biomass_Gastropoda;0,00000000
semi_3;img_biomass_Harpacticoida;0,00000000
semi_3;img_biomass_Helicostomella_subulata;6091,52288100
semi_3;img_biomass_Keratella;2250,56264100
semi_3;img_biomass_Keratella_cochlearis;52513,12828000
semi_3;img_biomass_Keratella_cruciformis;0,00000000
semi_3;img_biomass_Keratella_quadrata;12003,00075000
semi_3;img_biomass_Polychaeta;0,00000000
semi_3;img_biomass_Podon;17000,00000000
semi_3;img_biomass_Rotifera;0,00000000
semi_3;img_biomass_Sididae;0,00000000
semi_3;img_biomass_Synchaeta;0,00000000
semi_3;img_biomass_Tintinnopsis;30,00750188
semi_3;img_biomass_all_cyclo;3750,93773500
semi_3;img_biomass_all_cop;0,00000000
semi_3;img_biomass_ac_total;16203,75094000
semi_3;img_biomass_all_cal;42006,00150200
semi_4;img_biomass_Asplancha;0,00000000
semi_4;img_biomass_Balanidae;4143,64641000
semi_4;img_biomass_Bivalvia;0,00000000
semi_4;img_biomass_Bosmina;18550,00000000
semi_4;img_biomass_Cercopagis_pengoi;0,00000000
semi_4;img_biomass_Ceriodaphnia;750,00000000
semi_4;img_biomass_Daphnia;15000,00000000
semi_4;img_biomass_Daphnia_cucullata;0,00000000
semi_4;img_biomass_Diplostraca;700,00000000
semi_4;img_biomass_Eurytemora;800,00000000
semi_4;img_biomass_Evadne;0,00000000
semi_4;img_biomass_Gastropoda;1400,00000000
semi_4;img_biomass_Harpacticoida;0,00000000
semi_4;img_biomass_Helicostomella_subulata;96,68508287
semi_4;img_biomass_Keratella;0,00000000
semi_4;img_biomass_Keratella_cochlearis;27624,30939000
semi_4;img_biomass_Keratella_cruciformis;0,00000000
semi_4;img_biomass_Keratella_quadrata;16574,58564000
semi_4;img_biomass_Polychaeta;7000,00000000
semi_4;img_biomass_Podon;8000,00000000
semi_4;img_biomass_Rotifera;0,00000000
semi_4;img_biomass_Sididae;0,00000000
semi_4;img_biomass_Synchaeta;0,00000000
semi_4;img_biomass_Tintinnopsis;0,00000000
semi_4;img_biomass_all_cyclo;0,00000000
semi_4;img_biomass_all_cop;1600,00000000
semi_4;img_biomass_ac_total;61200,00000000
semi_4;img_biomass_all_cal;385200,00000000
semi_5;img_biomass_Asplancha;0,00000000
semi_5;img_biomass_Balanidae;150,00000000
semi_5;img_biomass_Bivalvia;0,00000000
semi_5;img_biomass_Bosmina;39461,01695000
semi_5;img_biomass_Cercopagis_pengoi;24600,00000000
semi_5;img_biomass_Ceriodaphnia;0,00000000
semi_5;img_biomass_Daphnia;0,00000000
semi_5;img_biomass_Daphnia_cucullata;0,00000000
semi_5;img_biomass_Diplostraca;350,00000000
semi_5;img_biomass_Eurytemora;0,00000000
semi_5;img_biomass_Evadne;1000,00000000
semi_5;img_biomass_Gastropoda;0,00000000
semi_5;img_biomass_Harpacticoida;0,00000000
semi_5;img_biomass_Helicostomella_subulata;56,49717514
semi_5;img_biomass_Keratella;0,00000000
semi_5;img_biomass_Keratella_cochlearis;69209,03955000
semi_5;img_biomass_Keratella_cruciformis;1412,42937900
semi_5;img_biomass_Keratella_quadrata;0,00000000
semi_5;img_biomass_Polychaeta;0,00000000
semi_5;img_biomass_Podon;6000,00000000
semi_5;img_biomass_Rotifera;0,00000000
semi_5;img_biomass_Sididae;0,00000000
semi_5;img_biomass_Synchaeta;0,00000000
semi_5;img_biomass_Tintinnopsis;56,49717514
semi_5;img_biomass_all_cyclo;3531,07344800
semi_5;img_biomass_all_cop;2824,85875800
semi_5;img_biomass_ac_total;48622,59888000
semi_5;img_biomass_all_cal;92722,03391000
shel_1;img_biomass_Asplancha;0,00000000
shel_1;img_biomass_Balanidae;9884,67874800
shel_1;img_biomass_Bivalvia;0,00000000
shel_1;img_biomass_Bosmina;2800,00000000
shel_1;img_biomass_Cercopagis_pengoi;0,00000000
shel_1;img_biomass_Ceriodaphnia;2250,00000000
shel_1;img_biomass_Daphnia;1500,00000000
shel_1;img_biomass_Daphnia_cucullata;0,00000000
shel_1;img_biomass_Diplostraca;0,00000000
shel_1;img_biomass_Eurytemora;26359,14333000
shel_1;img_biomass_Evadne;0,00000000
shel_1;img_biomass_Gastropoda;0,00000000
shel_1;img_biomass_Harpacticoida;0,00000000
shel_1;img_biomass_Helicostomella_subulata;49,42339374
shel_1;img_biomass_Keratella;0,00000000
shel_1;img_biomass_Keratella_cochlearis;31301,48270000
shel_1;img_biomass_Keratella_cruciformis;0,00000000
shel_1;img_biomass_Keratella_quadrata;6589,78583200
shel_1;img_biomass_Polychaeta;0,00000000
shel_1;img_biomass_Podon;0,00000000
shel_1;img_biomass_Rotifera;0,00000000
shel_1;img_biomass_Sididae;0,00000000
shel_1;img_biomass_Synchaeta;0,00000000
shel_1;img_biomass_Tintinnopsis;0,00000000
shel_1;img_biomass_all_cyclo;4868,61614500
shel_1;img_biomass_all_cop;16474,46458000
shel_1;img_biomass_ac_total;76382,53707000
shel_1;img_biomass_all_cal;161616,14498000
shel_2;img_biomass_Asplancha;0,00000000
shel_2;img_biomass_Balanidae;4966,88741700
shel_2;img_biomass_Bivalvia;2558,44370900
shel_2;img_biomass_Bosmina;24578,80795000
shel_2;img_biomass_Cercopagis_pengoi;0,00000000
shel_2;img_biomass_Ceriodaphnia;0,00000000
shel_2;img_biomass_Daphnia;0,00000000
shel_2;img_biomass_Daphnia_cucullata;0,00000000
shel_2;img_biomass_Diplostraca;350,00000000
shel_2;img_biomass_Eurytemora;53780,13245000
shel_2;img_biomass_Evadne;0,00000000
shel_2;img_biomass_Gastropoda;3500,00000000
shel_2;img_biomass_Harpacticoida;0,00000000
shel_2;img_biomass_Helicostomella_subulata;66,22516556
shel_2;img_biomass_Keratella;0,00000000
shel_2;img_biomass_Keratella_cochlearis;41390,72848000
shel_2;img_biomass_Keratella_cruciformis;4966,88741700
shel_2;img_biomass_Keratella_quadrata;9933,77483400
shel_2;img_biomass_Polychaeta;1400,00000000
shel_2;img_biomass_Podon;0,00000000
shel_2;img_biomass_Rotifera;0,00000000
shel_2;img_biomass_Sididae;0,00000000
shel_2;img_biomass_Synchaeta;0,00000000
shel_2;img_biomass_Tintinnopsis;66,22516556
shel_2;img_biomass_all_cyclo;9028,14569500
shel_2;img_biomass_all_cop;37223,84106000
shel_2;img_biomass_ac_total;239899,33774000
shel_2;img_biomass_all_cal;412127,15231000
shel_3;img_biomass_Asplancha;0,00000000
shel_3;img_biomass_Balanidae;0,00000000
shel_3;img_biomass_Bivalvia;2384,73767900
shel_3;img_biomass_Bosmina;32057,55167000
shel_3;img_biomass_Cercopagis_pengoi;0,00000000
shel_3;img_biomass_Ceriodaphnia;0,00000000
shel_3;img_biomass_Daphnia;1500,00000000
shel_3;img_biomass_Daphnia_cucullata;0,00000000
shel_3;img_biomass_Diplostraca;0,00000000
shel_3;img_biomass_Eurytemora;5600,00000000
shel_3;img_biomass_Evadne;0,00000000
shel_3;img_biomass_Gastropoda;0,00000000
shel_3;img_biomass_Harpacticoida;0,00000000
shel_3;img_biomass_Helicostomella_subulata;365,65977740
shel_3;img_biomass_Keratella;2384,73767900
shel_3;img_biomass_Keratella_cochlearis;297297,29730000
shel_3;img_biomass_Keratella_cruciformis;7949,12559600
shel_3;img_biomass_Keratella_quadrata;38155,80286000
shel_3;img_biomass_Polychaeta;44515,10333000
shel_3;img_biomass_Podon;3000,00000000
shel_3;img_biomass_Rotifera;0,00000000
shel_3;img_biomass_Sididae;0,00000000
shel_3;img_biomass_Synchaeta;0,00000000
shel_3;img_biomass_Tintinnopsis;0,00000000
shel_3;img_biomass_all_cyclo;3974,56279800
shel_3;img_biomass_all_cop;16698,25119000
shel_3;img_biomass_ac_total;88731,95548000
shel_3;img_biomass_all_cal;188467,40858000
shel_4;img_biomass_Asplancha;0,00000000
shel_4;img_biomass_Balanidae;4897,95918300
shel_4;img_biomass_Bivalvia;0,00000000
shel_4;img_biomass_Bosmina;13178,57143000
shel_4;img_biomass_Cercopagis_pengoi;0,00000000
shel_4;img_biomass_Ceriodaphnia;0,00000000
shel_4;img_biomass_Daphnia;4500,00000000
shel_4;img_biomass_Daphnia_cucullata;0,00000000
shel_4;img_biomass_Diplostraca;0,00000000
shel_4;img_biomass_Eurytemora;800,00000000
shel_4;img_biomass_Evadne;0,00000000
shel_4;img_biomass_Gastropoda;24257,14285000
shel_4;img_biomass_Harpacticoida;0,00000000
shel_4;img_biomass_Helicostomella_subulata;97,95918367
shel_4;img_biomass_Keratella;9795,91836800
shel_4;img_biomass_Keratella_cochlearis;187755,10200000
shel_4;img_biomass_Keratella_cruciformis;4897,95918400
shel_4;img_biomass_Keratella_quadrata;45714,28572000
shel_4;img_biomass_Polychaeta;5600,00000000
shel_4;img_biomass_Podon;1000,00000000
shel_4;img_biomass_Rotifera;0,00000000
shel_4;img_biomass_Sididae;0,00000000
shel_4;img_biomass_Synchaeta;0,00000000
shel_4;img_biomass_Tintinnopsis;0,00000000
shel_4;img_biomass_all_cyclo;8163,26530500
shel_4;img_biomass_all_cop;6530,61224400
shel_4;img_biomass_ac_total;24391,83673000
shel_4;img_biomass_all_cal;64587,75509800
shel_5;img_biomass_Asplancha;0,00000000
shel_5;img_biomass_Balanidae;19003,10291000
shel_5;img_biomass_Bivalvia;2356,63786400
shel_5;img_biomass_Bosmina;24997,64336000
shel_5;img_biomass_Cercopagis_pengoi;0,00000000
shel_5;img_biomass_Ceriodaphnia;0,00000000
shel_5;img_biomass_Daphnia;3000,00000000
shel_5;img_biomass_Daphnia_cucullata;0,00000000
shel_5;img_biomass_Diplostraca;0,00000000
shel_5;img_biomass_Eurytemora;0,00000000
shel_5;img_biomass_Evadne;0,00000000
shel_5;img_biomass_Gastropoda;0,00000000
shel_5;img_biomass_Harpacticoida;0,00000000
shel_5;img_biomass_Helicostomella_subulata;754,12411630
shel_5;img_biomass_Keratella;2356,63786400
shel_5;img_biomass_Keratella_cochlearis;216810,68340000
shel_5;img_biomass_Keratella_cruciformis;4713,27572700
shel_5;img_biomass_Keratella_quadrata;62843,67636000
shel_5;img_biomass_Polychaeta;2800,00000000
shel_5;img_biomass_Podon;6000,00000000
shel_5;img_biomass_Rotifera;0,00000000
shel_5;img_biomass_Sididae;0,00000000
shel_5;img_biomass_Synchaeta;0,00000000
shel_5;img_biomass_Tintinnopsis;31,42183818
shel_5;img_biomass_all_cyclo;11783,18932000
shel_5;img_biomass_all_cop;34564,02200000
shel_5;img_biomass_ac_total;316618,38183000
shel_5;img_biomass_all_cal;421283,89637000
pojo_1;img_biomass_Asplancha;0,00000000
pojo_1;img_biomass_Balanidae;0,00000000
pojo_1;img_biomass_Bivalvia;0,00000000
pojo_1;img_biomass_Bosmina;9100,00000000
pojo_1;img_biomass_Cercopagis_pengoi;0,00000000
pojo_1;img_biomass_Ceriodaphnia;0,00000000
pojo_1;img_biomass_Daphnia;6000,00000000
pojo_1;img_biomass_Daphnia_cucullata;0,00000000
pojo_1;img_biomass_Diplostraca;1050,00000000
pojo_1;img_biomass_Eurytemora;800,00000000
pojo_1;img_biomass_Evadne;0,00000000
pojo_1;img_biomass_Gastropoda;0,00000000
pojo_1;img_biomass_Harpacticoida;250,00000000
pojo_1;img_biomass_Helicostomella_subulata;16,73640167
pojo_1;img_biomass_Keratella;25104,60251000
pojo_1;img_biomass_Keratella_cochlearis;590794,97910000
pojo_1;img_biomass_Keratella_cruciformis;1673,64016700
pojo_1;img_biomass_Keratella_quadrata;50209,20502000
pojo_1;img_biomass_Polychaeta;0,00000000
pojo_1;img_biomass_Podon;0,00000000
pojo_1;img_biomass_Rotifera;0,00000000
pojo_1;img_biomass_Sididae;0,00000000
pojo_1;img_biomass_Synchaeta;0,00000000
pojo_1;img_biomass_Tintinnopsis;1104,60251000
pojo_1;img_biomass_all_cyclo;1427530,33490000
pojo_1;img_biomass_all_cop;96776,56904000
pojo_1;img_biomass_ac_total;36820,08368000
pojo_1;img_biomass_all_cal;101576,56904000
pojo_2;img_biomass_Asplancha;0,00000000
pojo_2;img_biomass_Balanidae;0,00000000
pojo_2;img_biomass_Bivalvia;0,00000000
pojo_2;img_biomass_Bosmina;32705,68562000
pojo_2;img_biomass_Cercopagis_pengoi;0,00000000
pojo_2;img_biomass_Ceriodaphnia;3000,00000000
pojo_2;img_biomass_Daphnia;294000,00000000
pojo_2;img_biomass_Daphnia_cucullata;66889,63210000
pojo_2;img_biomass_Diplostraca;1400,00000000
pojo_2;img_biomass_Eurytemora;12800,00000000
pojo_2;img_biomass_Evadne;0,00000000
pojo_2;img_biomass_Gastropoda;0,00000000
pojo_2;img_biomass_Harpacticoida;0,00000000
pojo_2;img_biomass_Helicostomella_subulata;0,00000000
pojo_2;img_biomass_Keratella;12541,80602000
pojo_2;img_biomass_Keratella_cochlearis;200668,89630000
pojo_2;img_biomass_Keratella_cruciformis;1672,24080300
pojo_2;img_biomass_Keratella_quadrata;26755,85284000
pojo_2;img_biomass_Polychaeta;0,00000000
pojo_2;img_biomass_Podon;0,00000000
pojo_2;img_biomass_Rotifera;0,00000000
pojo_2;img_biomass_Sididae;10000,00000000
pojo_2;img_biomass_Synchaeta;5016,72240900
pojo_2;img_biomass_Tintinnopsis;21237,45820000
pojo_2;img_biomass_all_cyclo;844590,30110000
pojo_2;img_biomass_all_cop;34900,33444000
pojo_2;img_biomass_ac_total;6688,96321000
pojo_2;img_biomass_all_cal;76789,29765000
eke_1;img_biomass_Asplancha;0,00000000
eke_1;img_biomass_Balanidae;0,00000000
eke_1;img_biomass_Bivalvia;2403,84615500
eke_1;img_biomass_Bosmina;0,00000000
eke_1;img_biomass_Cercopagis_pengoi;0,00000000
eke_1;img_biomass_Ceriodaphnia;0,00000000
eke_1;img_biomass_Daphnia;0,00000000
eke_1;img_biomass_Daphnia_cucullata;0,00000000
eke_1;img_biomass_Diplostraca;0,00000000
eke_1;img_biomass_Eurytemora;0,00000000
eke_1;img_biomass_Evadne;0,00000000
eke_1;img_biomass_Gastropoda;0,00000000
eke_1;img_biomass_Harpacticoida;0,00000000
eke_1;img_biomass_Helicostomella_subulata;16,02564103
eke_1;img_biomass_Keratella;7211,53846200
eke_1;img_biomass_Keratella_cochlearis;73717,94872000
eke_1;img_biomass_Keratella_cruciformis;0,00000000
eke_1;img_biomass_Keratella_quadrata;22435,89744000
eke_1;img_biomass_Polychaeta;0,00000000
eke_1;img_biomass_Podon;0,00000000
eke_1;img_biomass_Rotifera;0,00000000
eke_1;img_biomass_Sididae;2000,00000000
eke_1;img_biomass_Synchaeta;0,00000000
eke_1;img_biomass_Tintinnopsis;833,33333340
eke_1;img_biomass_all_cyclo;152993,58975000
eke_1;img_biomass_all_cop;19230,76923000
eke_1;img_biomass_ac_total;23635,89744600
eke_1;img_biomass_all_cal;42866,66667600
eke_2;img_biomass_Asplancha;0,00000000
eke_2;img_biomass_Balanidae;0,00000000
eke_2;img_biomass_Bivalvia;0,00000000
eke_2;img_biomass_Bosmina;2100,00000000
eke_2;img_biomass_Cercopagis_pengoi;0,00000000
eke_2;img_biomass_Ceriodaphnia;2250,00000000
eke_2;img_biomass_Daphnia;0,00000000
eke_2;img_biomass_Daphnia_cucullata;0,00000000
eke_2;img_biomass_Diplostraca;0,00000000
eke_2;img_biomass_Eurytemora;3200,00000000
eke_2;img_biomass_Evadne;0,00000000
eke_2;img_biomass_Gastropoda;0,00000000
eke_2;img_biomass_Harpacticoida;0,00000000
eke_2;img_biomass_Helicostomella_subulata;16,77852349
eke_2;img_biomass_Keratella;25167,78524000
eke_2;img_biomass_Keratella_cochlearis;469798,65770000
eke_2;img_biomass_Keratella_cruciformis;5033,55704700
eke_2;img_biomass_Keratella_quadrata;120805,36910000
eke_2;img_biomass_Polychaeta;0,00000000
eke_2;img_biomass_Podon;3000,00000000
eke_2;img_biomass_Rotifera;0,00000000
eke_2;img_biomass_Sididae;0,00000000
eke_2;img_biomass_Synchaeta;0,00000000
eke_2;img_biomass_Tintinnopsis;604,02684560
eke_2;img_biomass_all_cyclo;60224,83222000
eke_2;img_biomass_all_cop;20134,22818000
eke_2;img_biomass_ac_total;321924,83218000
eke_2;img_biomass_all_cal;448861,74494000
eke_3;img_biomass_Asplancha;0,00000000
eke_3;img_biomass_Balanidae;0,00000000
eke_3;img_biomass_Bivalvia;0,00000000
eke_3;img_biomass_Bosmina;1050,00000000
eke_3;img_biomass_Cercopagis_pengoi;0,00000000
eke_3;img_biomass_Ceriodaphnia;0,00000000
eke_3;img_biomass_Daphnia;1500,00000000
eke_3;img_biomass_Daphnia_cucullata;0,00000000
eke_3;img_biomass_Diplostraca;0,00000000
eke_3;img_biomass_Eurytemora;4800,00000000
eke_3;img_biomass_Evadne;0,00000000
eke_3;img_biomass_Gastropoda;0,00000000
eke_3;img_biomass_Harpacticoida;0,00000000
eke_3;img_biomass_Helicostomella_subulata;32,07698476
eke_3;img_biomass_Keratella;12028,86929000
eke_3;img_biomass_Keratella_cochlearis;51323,17562000
eke_3;img_biomass_Keratella_cruciformis;1603,84923800
eke_3;img_biomass_Keratella_quadrata;25661,58782000
eke_3;img_biomass_Polychaeta;0,00000000
eke_3;img_biomass_Podon;0,00000000
eke_3;img_biomass_Rotifera;0,00000000
eke_3;img_biomass_Sididae;0,00000000
eke_3;img_biomass_Synchaeta;0,00000000
eke_3;img_biomass_Tintinnopsis;96,23095430
eke_3;img_biomass_all_cyclo;12750,00000000
eke_3;img_biomass_all_cop;1600,00000000
eke_3;img_biomass_ac_total;21046,19086000
eke_3;img_biomass_all_cal;39453,88933600
extra_1;img_biomass_Asplancha;0,00000000
extra_1;img_biomass_Balanidae;4569,68773800
extra_1;img_biomass_Bivalvia;0,00000000
extra_1;img_biomass_Bosmina;25175,20944000
extra_1;img_biomass_Cercopagis_pengoi;0,00000000
extra_1;img_biomass_Ceriodaphnia;0,00000000
extra_1;img_biomass_Daphnia;1500,00000000
extra_1;img_biomass_Daphnia_cucullata;0,00000000
extra_1;img_biomass_Diplostraca;700,00000000
extra_1;img_biomass_Eurytemora;24371,66794000
extra_1;img_biomass_Evadne;0,00000000
extra_1;img_biomass_Gastropoda;0,00000000
extra_1;img_biomass_Harpacticoida;500,00000000
extra_1;img_biomass_Helicostomella_subulata;0,00000000
extra_1;img_biomass_Keratella;15993,90708000
extra_1;img_biomass_Keratella_cochlearis;475247,52480000
extra_1;img_biomass_Keratella_cruciformis;7616,14623000
extra_1;img_biomass_Keratella_quadrata;79207,92080000
extra_1;img_biomass_Polychaeta;0,00000000
extra_1;img_biomass_Podon;0,00000000
extra_1;img_biomass_Rotifera;9139,37547600
extra_1;img_biomass_Sididae;0,00000000
extra_1;img_biomass_Synchaeta;0,00000000
extra_1;img_biomass_Tintinnopsis;30,46458492
extra_1;img_biomass_all_cyclo;59371,09672000
extra_1;img_biomass_all_cop;16032,29246000
extra_1;img_biomass_ac_total;456411,27200000
extra_1;img_biomass_all_cal;754794,82114000
extra_2;img_biomass_Asplancha;0,00000000
extra_2;img_biomass_Balanidae;0,00000000
extra_2;img_biomass_Bivalvia;0,00000000
extra_2;img_biomass_Bosmina;700,00000000
extra_2;img_biomass_Cercopagis_pengoi;0,00000000
extra_2;img_biomass_Ceriodaphnia;0,00000000
extra_2;img_biomass_Daphnia;0,00000000
extra_2;img_biomass_Daphnia_cucullata;0,00000000
extra_2;img_biomass_Diplostraca;0,00000000
extra_2;img_biomass_Eurytemora;0,00000000
extra_2;img_biomass_Evadne;0,00000000
extra_2;img_biomass_Gastropoda;0,00000000
extra_2;img_biomass_Harpacticoida;0,00000000
extra_2;img_biomass_Helicostomella_subulata;120,48192770
extra_2;img_biomass_Keratella;18072,28916000
extra_2;img_biomass_Keratella_cochlearis;438253,01200000
extra_2;img_biomass_Keratella_cruciformis;3012,04819300
extra_2;img_biomass_Keratella_quadrata;189759,03610000
extra_2;img_biomass_Polychaeta;0,00000000
extra_2;img_biomass_Podon;0,00000000
extra_2;img_biomass_Rotifera;0,00000000
extra_2;img_biomass_Sididae;0,00000000
extra_2;img_biomass_Synchaeta;9036,14457900
extra_2;img_biomass_Tintinnopsis;30,12048192
extra_2;img_biomass_all_cyclo;37650,60241000
extra_2;img_biomass_all_cop;15060,24096000
extra_2;img_biomass_ac_total;209631,32528000
extra_2;img_biomass_all_cal;288272,28914000
extra_3;img_biomass_Asplancha;9167,30328600
extra_3;img_biomass_Balanidae;0,00000000
extra_3;img_biomass_Bivalvia;0,00000000
extra_3;img_biomass_Bosmina;4200,00000000
extra_3;img_biomass_Cercopagis_pengoi;0,00000000
extra_3;img_biomass_Ceriodaphnia;0,00000000
extra_3;img_biomass_Daphnia;1500,00000000
extra_3;img_biomass_Daphnia_cucullata;0,00000000
extra_3;img_biomass_Diplostraca;0,00000000
extra_3;img_biomass_Eurytemora;0,00000000
extra_3;img_biomass_Evadne;0,00000000
extra_3;img_biomass_Gastropoda;0,00000000
extra_3;img_biomass_Harpacticoida;0,00000000
extra_3;img_biomass_Helicostomella_subulata;152,78838810
extra_3;img_biomass_Keratella;4583,65164300
extra_3;img_biomass_Keratella_cochlearis;51948,05195000
extra_3;img_biomass_Keratella_cruciformis;0,00000000
extra_3;img_biomass_Keratella_quadrata;3055,76776200
extra_3;img_biomass_Polychaeta;0,00000000
extra_3;img_biomass_Podon;0,00000000
extra_3;img_biomass_Rotifera;0,00000000
extra_3;img_biomass_Sididae;0,00000000
extra_3;img_biomass_Synchaeta;0,00000000
extra_3;img_biomass_Tintinnopsis;0,00000000
extra_3;img_biomass_all_cyclo;0,00000000
extra_3;img_biomass_all_cop;6111,53552400
extra_3;img_biomass_ac_total;67826,89076000
extra_3;img_biomass_all_cal;99394,19404400
extra_4;img_biomass_Asplancha;0,00000000
extra_4;img_biomass_Balanidae;0,00000000
extra_4;img_biomass_Bivalvia;2483,44370900
extra_4;img_biomass_Bosmina;2100,00000000
extra_4;img_biomass_Cercopagis_pengoi;0,00000000
extra_4;img_biomass_Ceriodaphnia;0,00000000
extra_4;img_biomass_Daphnia;0,00000000
extra_4;img_biomass_Daphnia_cucullata;0,00000000
extra_4;img_biomass_Diplostraca;0,00000000
extra_4;img_biomass_Eurytemora;0,00000000
extra_4;img_biomass_Evadne;0,00000000
extra_4;img_biomass_Gastropoda;23178,80795000
extra_4;img_biomass_Harpacticoida;0,00000000
extra_4;img_biomass_Helicostomella_subulata;331,12582780
extra_4;img_biomass_Keratella;22350,99338000
extra_4;img_biomass_Keratella_cochlearis;1407284,76800000
extra_4;img_biomass_Keratella_cruciformis;6622,51655600
extra_4;img_biomass_Keratella_quadrata;23178,80794000
extra_4;img_biomass_Polychaeta;0,00000000
extra_4;img_biomass_Podon;0,00000000
extra_4;img_biomass_Rotifera;0,00000000
extra_4;img_biomass_Sididae;0,00000000
extra_4;img_biomass_Synchaeta;0,00000000
extra_4;img_biomass_Tintinnopsis;33,11258278
extra_4;img_biomass_all_cyclo;8278,14569500
extra_4;img_biomass_all_cop;23978,80794000
extra_4;img_biomass_ac_total;315724,50330000
extra_4;img_biomass_all_cal;460238,41058000
