Site;Microscopy;biomass
exposed_1;biomass_Keratella_cochlearis;13000,000000
exposed_1;biomass_Keratella_quadrata;79400,000000
exposed_1;biomass_Keratella_cruciformis;11550,000000
exposed_1;biomass_Synchaeta_spp;9750,000000
exposed_1;biomass_Asplancha_spp;0,000000
exposed_1;biomass_Harpacticoida;0,000000
exposed_1;biomass_Helicostomella_subulata;789,000000
exposed_1;biomass_Tintinnopsis_brandti;93,000000
exposed_1;biomass_Tintinnopsis_lobiancoi;18,000000
exposed_1;biomass_Tintinnopsis_fimbriata;412,000000
exposed_1;biomass_Gastropoda;16800,000000
exposed_1;biomass_Bivalvia;150,000000
exposed_1;biomass_Podon_spp;45500,000000
exposed_1;biomass_Evadne_spp;4500,000000
exposed_1;biomass_Ceriodaphnia_spp;0,000000
exposed_1;biomass_Daphnia_cucullata;0,000000
exposed_1;biomass_Daphnia_christata;0,000000
exposed_1;biomass_Daphnia_spp;0,000000
exposed_1;biomass_Chydorus_spp;0,000000
exposed_1;biomass_Cercopagis pengoi;0,000000
exposed_1;biomass_Sididae;0,000000
exposed_1;biomass_Balanidae_LV;4500,000000
exposed_1;biomass_Polychaeta;0,000000
exposed_1;biomass_all_cyclo;0,000000
exposed_1;biomass_all_cop_unident;0,000000
exposed_1;biomass_ac_sp_total;39075,000000
exposed_1;biomass_ac_tonsa_ad;3200,000000
exposed_1;biomass_ac_bifilosa_ad;0,000000
exposed_1;biomass_eury_total;3550,000000
exposed_1;biomass_tem_total;1200,000000
exposed_1;biomass_bos_coregoni_total;20125,000000
exposed_2;biomass_Keratella_cochlearis;13100,000000
exposed_2;biomass_Keratella_quadrata;47000,000000
exposed_2;biomass_Keratella_cruciformis;6050,000000
exposed_2;biomass_Synchaeta_spp;3600,000000
exposed_2;biomass_Asplancha_spp;0,000000
exposed_2;biomass_Harpacticoida;0,000000
exposed_2;biomass_Helicostomella_subulata;317,000000
exposed_2;biomass_Tintinnopsis_brandti;19,000000
exposed_2;biomass_Tintinnopsis_lobiancoi;8,000000
exposed_2;biomass_Tintinnopsis_fimbriata;17,000000
exposed_2;biomass_Gastropoda;14700,000000
exposed_2;biomass_Bivalvia;75,000000
exposed_2;biomass_Podon_spp;21450,000000
exposed_2;biomass_Evadne_spp;0,000000
exposed_2;biomass_Ceriodaphnia_spp;0,000000
exposed_2;biomass_Daphnia_cucullata;0,000000
exposed_2;biomass_Daphnia_christata;0,000000
exposed_2;biomass_Daphnia_spp;0,000000
exposed_2;biomass_Chydorus_spp;1500,000000
exposed_2;biomass_Cercopagis pengoi;0,000000
exposed_2;biomass_Sididae;0,000000
exposed_2;biomass_Balanidae_LV;2100,000000
exposed_2;biomass_Polychaeta;0,000000
exposed_2;biomass_all_cyclo;125,000000
exposed_2;biomass_all_cop_unident;0,000000
exposed_2;biomass_ac_sp_total;88975,000000
exposed_2;biomass_ac_tonsa_ad;0,000000
exposed_2;biomass_ac_bifilosa_ad;0,000000
exposed_2;biomass_eury_total;1900,000000
exposed_2;biomass_tem_total;150,000000
exposed_2;biomass_bos_coregoni_total;15375,000000
exposed_3;biomass_Keratella_cochlearis;31266,588500
exposed_3;biomass_Keratella_quadrata;41066,564000
exposed_3;biomass_Keratella_cruciformis;12533,302000
exposed_3;biomass_Synchaeta_spp;3599,991000
exposed_3;biomass_Asplancha_spp;0,000000
exposed_3;biomass_Harpacticoida;0,000000
exposed_3;biomass_Helicostomella_subulata;571,331905
exposed_3;biomass_Tintinnopsis_brandti;109,333060
exposed_3;biomass_Tintinnopsis_lobiancoi;30,666590
exposed_3;biomass_Tintinnopsis_fimbriata;0,000000
exposed_3;biomass_Gastropoda;17733,289000
exposed_3;biomass_Bivalvia;0,000000
exposed_3;biomass_Podon_spp;55466,528000
exposed_3;biomass_Evadne_spp;5999,985000
exposed_3;biomass_Ceriodaphnia_spp;999,997500
exposed_3;biomass_Daphnia_cucullata;0,000000
exposed_3;biomass_Daphnia_christata;0,000000
exposed_3;biomass_Daphnia_spp;0,000000
exposed_3;biomass_Chydorus_spp;1999,995000
exposed_3;biomass_Cercopagis pengoi;0,000000
exposed_3;biomass_Sididae;0,000000
exposed_3;biomass_Balanidae_LV;3999,990000
exposed_3;biomass_Polychaeta;0,000000
exposed_3;biomass_all_cyclo;2366,660750
exposed_3;biomass_all_cop_unident;1183,330375
exposed_3;biomass_ac_sp_total;174166,231250
exposed_3;biomass_ac_tonsa_ad;2133,328000
exposed_3;biomass_ac_bifilosa_ad;0,000000
exposed_3;biomass_eury_total;6933,316000
exposed_3;biomass_tem_total;799,998000
exposed_3;biomass_bos_coregoni_total;46799,883000
exposed_4;biomass_Keratella_cochlearis;17750,000000
exposed_4;biomass_Keratella_quadrata;38600,000000
exposed_4;biomass_Keratella_cruciformis;3600,000000
exposed_4;biomass_Synchaeta_spp;4500,000000
exposed_4;biomass_Asplancha_spp;0,000000
exposed_4;biomass_Harpacticoida;500,000000
exposed_4;biomass_Helicostomella_subulata;557,000000
exposed_4;biomass_Tintinnopsis_brandti;1376,000000
exposed_4;biomass_Tintinnopsis_lobiancoi;86,000000
exposed_4;biomass_Tintinnopsis_fimbriata;50,000000
exposed_4;biomass_Gastropoda;11900,000000
exposed_4;biomass_Bivalvia;1725,000000
exposed_4;biomass_Podon_spp;15600,000000
exposed_4;biomass_Evadne_spp;0,000000
exposed_4;biomass_Ceriodaphnia_spp;0,000000
exposed_4;biomass_Daphnia_cucullata;0,000000
exposed_4;biomass_Daphnia_christata;0,000000
exposed_4;biomass_Daphnia_spp;0,000000
exposed_4;biomass_Chydorus_spp;2250,000000
exposed_4;biomass_Cercopagis pengoi;0,000000
exposed_4;biomass_Sididae;0,000000
exposed_4;biomass_Balanidae_LV;14550,000000
exposed_4;biomass_Polychaeta;2800,000000
exposed_4;biomass_all_cyclo;375,000000
exposed_4;biomass_all_cop_unident;0,000000
exposed_4;biomass_ac_sp_total;198025,000000
exposed_4;biomass_ac_tonsa_ad;0,000000
exposed_4;biomass_ac_bifilosa_ad;0,000000
exposed_4;biomass_eury_total;8100,000000
exposed_4;biomass_tem_total;0,000000
exposed_4;biomass_bos_coregoni_total;16875,000000
exposed_5;biomass_Keratella_cochlearis;3100,000000
exposed_5;biomass_Keratella_quadrata;31700,000000
exposed_5;biomass_Keratella_cruciformis;2600,000000
exposed_5;biomass_Synchaeta_spp;5700,000000
exposed_5;biomass_Asplancha_spp;0,000000
exposed_5;biomass_Harpacticoida;0,000000
exposed_5;biomass_Helicostomella_subulata;736,000000
exposed_5;biomass_Tintinnopsis_brandti;98,000000
exposed_5;biomass_Tintinnopsis_lobiancoi;2,000000
exposed_5;biomass_Tintinnopsis_fimbriata;8,000000
exposed_5;biomass_Gastropoda;8400,000000
exposed_5;biomass_Bivalvia;750,000000
exposed_5;biomass_Podon_spp;7150,000000
exposed_5;biomass_Evadne_spp;4500,000000
exposed_5;biomass_Ceriodaphnia_spp;0,000000
exposed_5;biomass_Daphnia_cucullata;0,000000
exposed_5;biomass_Daphnia_christata;0,000000
exposed_5;biomass_Daphnia_spp;0,000000
exposed_5;biomass_Chydorus_spp;0,000000
exposed_5;biomass_Cercopagis pengoi;0,000000
exposed_5;biomass_Sididae;0,000000
exposed_5;biomass_Balanidae_LV;14700,000000
exposed_5;biomass_Polychaeta;0,000000
exposed_5;biomass_all_cyclo;4250,000000
exposed_5;biomass_all_cop_unident;1775,000000
exposed_5;biomass_ac_sp_total;149925,000000
exposed_5;biomass_ac_tonsa_ad;0,000000
exposed_5;biomass_ac_bifilosa_ad;0,000000
exposed_5;biomass_eury_total;14125,000000
exposed_5;biomass_tem_total;0,000000
exposed_5;biomass_bos_coregoni_total;82275,000000
exposed_6;biomass_Keratella_cochlearis;43650,000000
exposed_6;biomass_Keratella_quadrata;22300,000000
exposed_6;biomass_Keratella_cruciformis;2150,000000
exposed_6;biomass_Synchaeta_spp;0,000000
exposed_6;biomass_Asplancha_spp;0,000000
exposed_6;biomass_Harpacticoida;0,000000
exposed_6;biomass_Helicostomella_subulata;451,000000
exposed_6;biomass_Tintinnopsis_brandti;134,000000
exposed_6;biomass_Tintinnopsis_lobiancoi;5,000000
exposed_6;biomass_Tintinnopsis_fimbriata;4,000000
exposed_6;biomass_Gastropoda;21700,000000
exposed_6;biomass_Bivalvia;825,000000
exposed_6;biomass_Podon_spp;5850,000000
exposed_6;biomass_Evadne_spp;0,000000
exposed_6;biomass_Ceriodaphnia_spp;0,000000
exposed_6;biomass_Daphnia_cucullata;0,000000
exposed_6;biomass_Daphnia_christata;0,000000
exposed_6;biomass_Daphnia_spp;0,000000
exposed_6;biomass_Chydorus_spp;0,000000
exposed_6;biomass_Cercopagis pengoi;0,000000
exposed_6;biomass_Sididae;0,000000
exposed_6;biomass_Balanidae_LV;7350,000000
exposed_6;biomass_Polychaeta;0,000000
exposed_6;biomass_all_cyclo;0,000000
exposed_6;biomass_all_cop_unident;0,000000
exposed_6;biomass_ac_sp_total;38725,000000
exposed_6;biomass_ac_tonsa_ad;0,000000
exposed_6;biomass_ac_bifilosa_ad;0,000000
exposed_6;biomass_eury_total;300,000000
exposed_6;biomass_tem_total;150,000000
exposed_6;biomass_bos_coregoni_total;3450,000000
semi_1;biomass_Keratella_cochlearis;254250,000000
semi_1;biomass_Keratella_quadrata;90100,000000
semi_1;biomass_Keratella_cruciformis;8450,000000
semi_1;biomass_Synchaeta_spp;5100,000000
semi_1;biomass_Asplancha_spp;0,000000
semi_1;biomass_Harpacticoida;0,000000
semi_1;biomass_Helicostomella_subulata;3493,000000
semi_1;biomass_Tintinnopsis_brandti;112,000000
semi_1;biomass_Tintinnopsis_lobiancoi;2,000000
semi_1;biomass_Tintinnopsis_fimbriata;110,000000
semi_1;biomass_Gastropoda;15400,000000
semi_1;biomass_Bivalvia;0,000000
semi_1;biomass_Podon_spp;42250,000000
semi_1;biomass_Evadne_spp;0,000000
semi_1;biomass_Ceriodaphnia_spp;0,000000
semi_1;biomass_Daphnia_cucullata;0,000000
semi_1;biomass_Daphnia_christata;0,000000
semi_1;biomass_Daphnia_spp;0,000000
semi_1;biomass_Chydorus_spp;0,000000
semi_1;biomass_Cercopagis pengoi;0,000000
semi_1;biomass_Sididae;0,000000
semi_1;biomass_Balanidae_LV;11400,000000
semi_1;biomass_Polychaeta;0,000000
semi_1;biomass_all_cyclo;125,000000
semi_1;biomass_all_cop_unident;0,000000
semi_1;biomass_ac_sp_total;73875,000000
semi_1;biomass_ac_tonsa_ad;20100,000000
semi_1;biomass_ac_bifilosa_ad;0,000000
semi_1;biomass_eury_total;22500,000000
semi_1;biomass_tem_total;1350,000000
semi_1;biomass_bos_coregoni_total;18675,000000
semi_2;biomass_Keratella_cochlearis;79450,000000
semi_2;biomass_Keratella_quadrata;44000,000000
semi_2;biomass_Keratella_cruciformis;9200,000000
semi_2;biomass_Synchaeta_spp;5100,000000
semi_2;biomass_Asplancha_spp;0,000000
semi_2;biomass_Harpacticoida;0,000000
semi_2;biomass_Helicostomella_subulata;702,500000
semi_2;biomass_Tintinnopsis_brandti;261,000000
semi_2;biomass_Tintinnopsis_lobiancoi;9,000000
semi_2;biomass_Tintinnopsis_fimbriata;37,000000
semi_2;biomass_Gastropoda;15400,000000
semi_2;biomass_Bivalvia;150,000000
semi_2;biomass_Podon_spp;29250,000000
semi_2;biomass_Evadne_spp;6000,000000
semi_2;biomass_Ceriodaphnia_spp;750,000000
semi_2;biomass_Daphnia_cucullata;0,000000
semi_2;biomass_Daphnia_christata;0,000000
semi_2;biomass_Daphnia_spp;0,000000
semi_2;biomass_Chydorus_spp;0,000000
semi_2;biomass_Cercopagis pengoi;0,000000
semi_2;biomass_Sididae;0,000000
semi_2;biomass_Balanidae_LV;11550,000000
semi_2;biomass_Polychaeta;0,000000
semi_2;biomass_all_cyclo;412,500000
semi_2;biomass_all_cop_unident;0,000000
semi_2;biomass_ac_sp_total;54350,000000
semi_2;biomass_ac_tonsa_ad;3500,000000
semi_2;biomass_ac_bifilosa_ad;0,000000
semi_2;biomass_eury_total;2800,000000
semi_2;biomass_tem_total;150,000000
semi_2;biomass_bos_coregoni_total;12275,000000
semi_3;biomass_Keratella_cochlearis;345800,000000
semi_3;biomass_Keratella_quadrata;141000,000000
semi_3;biomass_Keratella_cruciformis;28400,000000
semi_3;biomass_Synchaeta_spp;150,000000
semi_3;biomass_Asplancha_spp;0,000000
semi_3;biomass_Harpacticoida;0,000000
semi_3;biomass_Helicostomella_subulata;6114,000000
semi_3;biomass_Tintinnopsis_brandti;5,000000
semi_3;biomass_Tintinnopsis_lobiancoi;2,000000
semi_3;biomass_Tintinnopsis_fimbriata;318,000000
semi_3;biomass_Gastropoda;9800,000000
semi_3;biomass_Bivalvia;375,000000
semi_3;biomass_Podon_spp;33150,000000
semi_3;biomass_Evadne_spp;0,000000
semi_3;biomass_Ceriodaphnia_spp;0,000000
semi_3;biomass_Daphnia_cucullata;0,000000
semi_3;biomass_Daphnia_christata;0,000000
semi_3;biomass_Daphnia_spp;0,000000
semi_3;biomass_Chydorus_spp;750,000000
semi_3;biomass_Cercopagis pengoi;0,000000
semi_3;biomass_Sididae;0,000000
semi_3;biomass_Balanidae_LV;12450,000000
semi_3;biomass_Polychaeta;0,000000
semi_3;biomass_all_cyclo;0,000000
semi_3;biomass_all_cop_unident;887,500000
semi_3;biomass_ac_sp_total;96900,000000
semi_3;biomass_ac_tonsa_ad;5100,000000
semi_3;biomass_ac_bifilosa_ad;0,000000
semi_3;biomass_eury_total;8050,000000
semi_3;biomass_tem_total;0,000000
semi_3;biomass_bos_coregoni_total;17575,000000
semi_4;biomass_Keratella_cochlearis;202800,000000
semi_4;biomass_Keratella_quadrata;130200,000000
semi_4;biomass_Keratella_cruciformis;18000,000000
semi_4;biomass_Synchaeta_spp;300,000000
semi_4;biomass_Asplancha_spp;0,000000
semi_4;biomass_Harpacticoida;0,000000
semi_4;biomass_Helicostomella_subulata;56,000000
semi_4;biomass_Tintinnopsis_brandti;0,000000
semi_4;biomass_Tintinnopsis_lobiancoi;0,000000
semi_4;biomass_Tintinnopsis_fimbriata;336,000000
semi_4;biomass_Gastropoda;1400,000000
semi_4;biomass_Bivalvia;0,000000
semi_4;biomass_Podon_spp;9100,000000
semi_4;biomass_Evadne_spp;0,000000
semi_4;biomass_Ceriodaphnia_spp;1500,000000
semi_4;biomass_Daphnia_cucullata;0,000000
semi_4;biomass_Daphnia_christata;24000,000000
semi_4;biomass_Daphnia_spp;0,000000
semi_4;biomass_Chydorus_spp;0,000000
semi_4;biomass_Cercopagis pengoi;0,000000
semi_4;biomass_Sididae;0,000000
semi_4;biomass_Balanidae_LV;3000,000000
semi_4;biomass_Polychaeta;22400,000000
semi_4;biomass_all_cyclo;0,000000
semi_4;biomass_all_cop_unident;0,000000
semi_4;biomass_ac_sp_total;268850,000000
semi_4;biomass_ac_tonsa_ad;75800,000000
semi_4;biomass_ac_bifilosa_ad;30000,000000
semi_4;biomass_eury_total;3900,000000
semi_4;biomass_tem_total;0,000000
semi_4;biomass_bos_coregoni_total;42050,000000
semi_5;biomass_Keratella_cochlearis;166450,000000
semi_5;biomass_Keratella_quadrata;18200,000000
semi_5;biomass_Keratella_cruciformis;15150,000000
semi_5;biomass_Synchaeta_spp;0,000000
semi_5;biomass_Asplancha_spp;1200,000000
semi_5;biomass_Harpacticoida;0,000000
semi_5;biomass_Helicostomella_subulata;87,000000
semi_5;biomass_Tintinnopsis_brandti;45,000000
semi_5;biomass_Tintinnopsis_lobiancoi;6,000000
semi_5;biomass_Tintinnopsis_fimbriata;414,000000
semi_5;biomass_Gastropoda;4900,000000
semi_5;biomass_Bivalvia;675,000000
semi_5;biomass_Podon_spp;5200,000000
semi_5;biomass_Evadne_spp;0,000000
semi_5;biomass_Ceriodaphnia_spp;0,000000
semi_5;biomass_Daphnia_cucullata;4500,000000
semi_5;biomass_Daphnia_christata;0,000000
semi_5;biomass_Daphnia_spp;1500,000000
semi_5;biomass_Chydorus_spp;0,000000
semi_5;biomass_Cercopagis pengoi;28700,000000
semi_5;biomass_Sididae;0,000000
semi_5;biomass_Balanidae_LV;9150,000000
semi_5;biomass_Polychaeta;12600,000000
semi_5;biomass_all_cyclo;250,000000
semi_5;biomass_all_cop_unident;7987,500000
semi_5;biomass_ac_sp_total;119600,000000
semi_5;biomass_ac_tonsa_ad;20325,000000
semi_5;biomass_ac_bifilosa_ad;0,000000
semi_5;biomass_eury_total;900,000000
semi_5;biomass_tem_total;150,000000
semi_5;biomass_bos_coregoni_total;37875,000000
shel_1;biomass_Keratella_cochlearis;30800,000000
shel_1;biomass_Keratella_quadrata;29000,000000
shel_1;biomass_Keratella_cruciformis;1800,000000
shel_1;biomass_Synchaeta_spp;1650,000000
shel_1;biomass_Asplancha_spp;0,000000
shel_1;biomass_Harpacticoida;0,000000
shel_1;biomass_Helicostomella_subulata;22,500000
shel_1;biomass_Tintinnopsis_brandti;4,000000
shel_1;biomass_Tintinnopsis_lobiancoi;0,000000
shel_1;biomass_Tintinnopsis_fimbriata;42,000000
shel_1;biomass_Gastropoda;0,000000
shel_1;biomass_Bivalvia;0,000000
shel_1;biomass_Podon_spp;0,000000
shel_1;biomass_Evadne_spp;0,000000
shel_1;biomass_Ceriodaphnia_spp;2250,000000
shel_1;biomass_Daphnia_cucullata;0,000000
shel_1;biomass_Daphnia_christata;0,000000
shel_1;biomass_Daphnia_spp;0,000000
shel_1;biomass_Chydorus_spp;0,000000
shel_1;biomass_Cercopagis pengoi;0,000000
shel_1;biomass_Sididae;0,000000
shel_1;biomass_Balanidae_LV;2700,000000
shel_1;biomass_Polychaeta;0,000000
shel_1;biomass_all_cyclo;12725,000000
shel_1;biomass_all_cop_unident;0,000000
shel_1;biomass_ac_sp_total;127900,000000
shel_1;biomass_ac_tonsa_ad;0,000000
shel_1;biomass_ac_bifilosa_ad;0,000000
shel_1;biomass_eury_total;2200,000000
shel_1;biomass_tem_total;0,000000
shel_1;biomass_bos_coregoni_total;6875,000000
shel_2;biomass_Keratella_cochlearis;32650,000000
shel_2;biomass_Keratella_quadrata;57900,000000
shel_2;biomass_Keratella_cruciformis;1100,000000
shel_2;biomass_Synchaeta_spp;1050,000000
shel_2;biomass_Asplancha_spp;0,000000
shel_2;biomass_Harpacticoida;0,000000
shel_2;biomass_Helicostomella_subulata;40,000000
shel_2;biomass_Tintinnopsis_brandti;0,000000
shel_2;biomass_Tintinnopsis_lobiancoi;1,000000
shel_2;biomass_Tintinnopsis_fimbriata;378,000000
shel_2;biomass_Gastropoda;1400,000000
shel_2;biomass_Bivalvia;0,000000
shel_2;biomass_Podon_spp;0,000000
shel_2;biomass_Evadne_spp;0,000000
shel_2;biomass_Ceriodaphnia_spp;6000,000000
shel_2;biomass_Daphnia_cucullata;0,000000
shel_2;biomass_Daphnia_christata;1500,000000
shel_2;biomass_Daphnia_spp;0,000000
shel_2;biomass_Chydorus_spp;3750,000000
shel_2;biomass_Cercopagis pengoi;0,000000
shel_2;biomass_Sididae;2000,000000
shel_2;biomass_Balanidae_LV;4050,000000
shel_2;biomass_Polychaeta;0,000000
shel_2;biomass_all_cyclo;22725,000000
shel_2;biomass_all_cop_unident;0,000000
shel_2;biomass_ac_sp_total;276425,000000
shel_2;biomass_ac_tonsa_ad;6850,000000
shel_2;biomass_ac_bifilosa_ad;7500,000000
shel_2;biomass_eury_total;15400,000000
shel_2;biomass_tem_total;300,000000
shel_2;biomass_bos_coregoni_total;13575,000000
shel_3;biomass_Keratella_cochlearis;179462,180000
shel_3;biomass_Keratella_quadrata;76398,090000
shel_3;biomass_Keratella_cruciformis;9266,435000
shel_3;biomass_Synchaeta_spp;0,000000
shel_3;biomass_Asplancha_spp;0,000000
shel_3;biomass_Harpacticoida;0,000000
shel_3;biomass_Helicostomella_subulata;287,992800
shel_3;biomass_Tintinnopsis_brandti;1,333300
shel_3;biomass_Tintinnopsis_lobiancoi;0,000000
shel_3;biomass_Tintinnopsis_fimbriata;633,317500
shel_3;biomass_Gastropoda;0,000000
shel_3;biomass_Bivalvia;399,990000
shel_3;biomass_Podon_spp;6933,160000
shel_3;biomass_Evadne_spp;0,000000
shel_3;biomass_Ceriodaphnia_spp;1999,950000
shel_3;biomass_Daphnia_cucullata;0,000000
shel_3;biomass_Daphnia_christata;0,000000
shel_3;biomass_Daphnia_spp;0,000000
shel_3;biomass_Chydorus_spp;999,975000
shel_3;biomass_Cercopagis pengoi;0,000000
shel_3;biomass_Sididae;0,000000
shel_3;biomass_Balanidae_LV;7599,810000
shel_3;biomass_Polychaeta;9333,100000
shel_3;biomass_all_cyclo;1099,972500
shel_3;biomass_all_cop_unident;1183,303750
shel_3;biomass_ac_sp_total;232427,522500
shel_3;biomass_ac_tonsa_ad;22732,765000
shel_3;biomass_ac_bifilosa_ad;0,000000
shel_3;biomass_eury_total;7266,485000
shel_3;biomass_tem_total;0,000000
shel_3;biomass_bos_coregoni_total;62131,780000
shel_4;biomass_Keratella_cochlearis;158800,000000
shel_4;biomass_Keratella_quadrata;232500,000000
shel_4;biomass_Keratella_cruciformis;40350,000000
shel_4;biomass_Synchaeta_spp;600,000000
shel_4;biomass_Asplancha_spp;0,000000
shel_4;biomass_Harpacticoida;0,000000
shel_4;biomass_Helicostomella_subulata;56,000000
shel_4;biomass_Tintinnopsis_brandti;0,000000
shel_4;biomass_Tintinnopsis_lobiancoi;0,000000
shel_4;biomass_Tintinnopsis_fimbriata;1157,000000
shel_4;biomass_Gastropoda;2100,000000
shel_4;biomass_Bivalvia;375,000000
shel_4;biomass_Podon_spp;650,000000
shel_4;biomass_Evadne_spp;0,000000
shel_4;biomass_Ceriodaphnia_spp;0,000000
shel_4;biomass_Daphnia_cucullata;19500,000000
shel_4;biomass_Daphnia_christata;0,000000
shel_4;biomass_Daphnia_spp;0,000000
shel_4;biomass_Chydorus_spp;0,000000
shel_4;biomass_Cercopagis pengoi;0,000000
shel_4;biomass_Sididae;0,000000
shel_4;biomass_Balanidae_LV;4200,000000
shel_4;biomass_Polychaeta;30800,000000
shel_4;biomass_all_cyclo;412,500000
shel_4;biomass_all_cop_unident;0,000000
shel_4;biomass_ac_sp_total;89050,000000
shel_4;biomass_ac_tonsa_ad;8750,000000
shel_4;biomass_ac_bifilosa_ad;0,000000
shel_4;biomass_eury_total;800,000000
shel_4;biomass_tem_total;0,000000
shel_4;biomass_bos_coregoni_total;11375,000000
shel_5;biomass_Keratella_cochlearis;314100,000000
shel_5;biomass_Keratella_quadrata;105100,000000
shel_5;biomass_Keratella_cruciformis;34300,000000
shel_5;biomass_Synchaeta_spp;600,000000
shel_5;biomass_Asplancha_spp;0,000000
shel_5;biomass_Harpacticoida;0,000000
shel_5;biomass_Helicostomella_subulata;1037,500000
shel_5;biomass_Tintinnopsis_brandti;2,000000
shel_5;biomass_Tintinnopsis_lobiancoi;2,000000
shel_5;biomass_Tintinnopsis_fimbriata;1628,000000
shel_5;biomass_Gastropoda;8400,000000
shel_5;biomass_Bivalvia;2400,000000
shel_5;biomass_Podon_spp;10400,000000
shel_5;biomass_Evadne_spp;0,000000
shel_5;biomass_Ceriodaphnia_spp;0,000000
shel_5;biomass_Daphnia_cucullata;12000,000000
shel_5;biomass_Daphnia_christata;0,000000
shel_5;biomass_Daphnia_spp;0,000000
shel_5;biomass_Chydorus_spp;0,000000
shel_5;biomass_Cercopagis pengoi;0,000000
shel_5;biomass_Sididae;0,000000
shel_5;biomass_Balanidae_LV;7500,000000
shel_5;biomass_Polychaeta;21000,000000
shel_5;biomass_all_cyclo;537,500000
shel_5;biomass_all_cop_unident;0,000000
shel_5;biomass_ac_sp_total;443575,000000
shel_5;biomass_ac_tonsa_ad;6925,000000
shel_5;biomass_ac_bifilosa_ad;0,000000
shel_5;biomass_eury_total;700,000000
shel_5;biomass_tem_total;0,000000
shel_5;biomass_bos_coregoni_total;53025,000000
pojo_1;biomass_Keratella_cochlearis;509000,000000
pojo_1;biomass_Keratella_quadrata;36800,000000
pojo_1;biomass_Keratella_cruciformis;0,000000
pojo_1;biomass_Synchaeta_spp;300,000000
pojo_1;biomass_Asplancha_spp;0,000000
pojo_1;biomass_Harpacticoida;0,000000
pojo_1;biomass_Helicostomella_subulata;0,000000
pojo_1;biomass_Tintinnopsis_brandti;0,000000
pojo_1;biomass_Tintinnopsis_lobiancoi;0,000000
pojo_1;biomass_Tintinnopsis_fimbriata;10534,000000
pojo_1;biomass_Gastropoda;0,000000
pojo_1;biomass_Bivalvia;0,000000
pojo_1;biomass_Podon_spp;0,000000
pojo_1;biomass_Evadne_spp;0,000000
pojo_1;biomass_Ceriodaphnia_spp;0,000000
pojo_1;biomass_Daphnia_cucullata;0,000000
pojo_1;biomass_Daphnia_christata;0,000000
pojo_1;biomass_Daphnia_spp;0,000000
pojo_1;biomass_Chydorus_spp;0,000000
pojo_1;biomass_Cercopagis pengoi;0,000000
pojo_1;biomass_Sididae;0,000000
pojo_1;biomass_Balanidae_LV;0,000000
pojo_1;biomass_Polychaeta;0,000000
pojo_1;biomass_all_cyclo;815175,000000
pojo_1;biomass_all_cop_unident;0,000000
pojo_1;biomass_ac_sp_total;26200,000000
pojo_1;biomass_ac_tonsa_ad;0,000000
pojo_1;biomass_ac_bifilosa_ad;0,000000
pojo_1;biomass_eury_total;17000,000000
pojo_1;biomass_tem_total;0,000000
pojo_1;biomass_bos_coregoni_total;23250,000000
pojo_2;biomass_Keratella_cochlearis;203500,000000
pojo_2;biomass_Keratella_quadrata;54000,000000
pojo_2;biomass_Keratella_cruciformis;500,000000
pojo_2;biomass_Synchaeta_spp;1200,000000
pojo_2;biomass_Asplancha_spp;0,000000
pojo_2;biomass_Harpacticoida;0,000000
pojo_2;biomass_Helicostomella_subulata;2,000000
pojo_2;biomass_Tintinnopsis_brandti;0,000000
pojo_2;biomass_Tintinnopsis_lobiancoi;0,000000
pojo_2;biomass_Tintinnopsis_fimbriata;17972,000000
pojo_2;biomass_Gastropoda;0,000000
pojo_2;biomass_Bivalvia;0,000000
pojo_2;biomass_Podon_spp;0,000000
pojo_2;biomass_Evadne_spp;0,000000
pojo_2;biomass_Ceriodaphnia_spp;3000,000000
pojo_2;biomass_Daphnia_cucullata;369000,000000
pojo_2;biomass_Daphnia_christata;6000,000000
pojo_2;biomass_Daphnia_spp;0,000000
pojo_2;biomass_Chydorus_spp;0,000000
pojo_2;biomass_Cercopagis pengoi;0,000000
pojo_2;biomass_Sididae;0,000000
pojo_2;biomass_Balanidae_LV;0,000000
pojo_2;biomass_Polychaeta;0,000000
pojo_2;biomass_all_cyclo;1128150,000000
pojo_2;biomass_all_cop_unident;1775,000000
pojo_2;biomass_ac_sp_total;0,000000
pojo_2;biomass_ac_tonsa_ad;0,000000
pojo_2;biomass_ac_bifilosa_ad;0,000000
pojo_2;biomass_eury_total;36400,000000
pojo_2;biomass_tem_total;0,000000
pojo_2;biomass_bos_coregoni_total;69550,000000
eke_1;biomass_Keratella_cochlearis;72300,000000
eke_1;biomass_Keratella_quadrata;28400,000000
eke_1;biomass_Keratella_cruciformis;250,000000
eke_1;biomass_Synchaeta_spp;1800,000000
eke_1;biomass_Asplancha_spp;0,000000
eke_1;biomass_Harpacticoida;0,000000
eke_1;biomass_Helicostomella_subulata;1,500000
eke_1;biomass_Tintinnopsis_brandti;2,000000
eke_1;biomass_Tintinnopsis_lobiancoi;0,000000
eke_1;biomass_Tintinnopsis_fimbriata;2632,000000
eke_1;biomass_Gastropoda;0,000000
eke_1;biomass_Bivalvia;0,000000
eke_1;biomass_Podon_spp;0,000000
eke_1;biomass_Evadne_spp;0,000000
eke_1;biomass_Ceriodaphnia_spp;7500,000000
eke_1;biomass_Daphnia_cucullata;1500,000000
eke_1;biomass_Daphnia_christata;1500,000000
eke_1;biomass_Daphnia_spp;0,000000
eke_1;biomass_Chydorus_spp;0,000000
eke_1;biomass_Cercopagis pengoi;0,000000
eke_1;biomass_Sididae;0,000000
eke_1;biomass_Balanidae_LV;0,000000
eke_1;biomass_Polychaeta;0,000000
eke_1;biomass_all_cyclo;152437,500000
eke_1;biomass_all_cop_unident;887,500000
eke_1;biomass_ac_sp_total;5125,000000
eke_1;biomass_ac_tonsa_ad;1600,000000
eke_1;biomass_ac_bifilosa_ad;0,000000
eke_1;biomass_eury_total;1400,000000
eke_1;biomass_tem_total;600,000000
eke_1;biomass_bos_coregoni_total;350,000000
eke_2;biomass_Keratella_cochlearis;396588,037000
eke_2;biomass_Keratella_quadrata;404235,092000
eke_2;biomass_Keratella_cruciformis;1176,470000
eke_2;biomass_Synchaeta_spp;7764,702000
eke_2;biomass_Asplancha_spp;0,000000
eke_2;biomass_Harpacticoida;0,000000
eke_2;biomass_Helicostomella_subulata;0,000000
eke_2;biomass_Tintinnopsis_brandti;0,000000
eke_2;biomass_Tintinnopsis_lobiancoi;0,000000
eke_2;biomass_Tintinnopsis_fimbriata;516,470330
eke_2;biomass_Gastropoda;0,000000
eke_2;biomass_Bivalvia;0,000000
eke_2;biomass_Podon_spp;5352,938500
eke_2;biomass_Evadne_spp;0,000000
eke_2;biomass_Ceriodaphnia_spp;20294,107500
eke_2;biomass_Daphnia_cucullata;3529,410000
eke_2;biomass_Daphnia_christata;0,000000
eke_2;biomass_Daphnia_spp;0,000000
eke_2;biomass_Chydorus_spp;0,000000
eke_2;biomass_Cercopagis pengoi;0,000000
eke_2;biomass_Sididae;0,000000
eke_2;biomass_Balanidae_LV;176,470500
eke_2;biomass_Polychaeta;1647,058000
eke_2;biomass_all_cyclo;11764,700000
eke_2;biomass_all_cop_unident;3132,351375
eke_2;biomass_ac_sp_total;303970,436250
eke_2;biomass_ac_tonsa_ad;25352,928500
eke_2;biomass_ac_bifilosa_ad;0,000000
eke_2;biomass_eury_total;70382,317750
eke_2;biomass_tem_total;705,882000
eke_2;biomass_bos_coregoni_total;22117,636000
eke_3;biomass_Keratella_cochlearis;333933,249900
eke_3;biomass_Keratella_quadrata;676533,164200
eke_3;biomass_Keratella_cruciformis;43599,989100
eke_3;biomass_Synchaeta_spp;36999,990750
eke_3;biomass_Asplancha_spp;1999,999500
eke_3;biomass_Harpacticoida;0,000000
eke_3;biomass_Helicostomella_subulata;4,000000
eke_3;biomass_Tintinnopsis_brandti;0,000000
eke_3;biomass_Tintinnopsis_lobiancoi;0,000000
eke_3;biomass_Tintinnopsis_fimbriata;13205,330000
eke_3;biomass_Gastropoda;933,380000
eke_3;biomass_Bivalvia;0,000000
eke_3;biomass_Podon_spp;0,000000
eke_3;biomass_Evadne_spp;2000,100000
eke_3;biomass_Ceriodaphnia_spp;7000,050000
eke_3;biomass_Daphnia_cucullata;0,000000
eke_3;biomass_Daphnia_christata;9999,900000
eke_3;biomass_Daphnia_spp;0,000000
eke_3;biomass_Chydorus_spp;1999,950000
eke_3;biomass_Cercopagis pengoi;0,000000
eke_3;biomass_Sididae;0,000000
eke_3;biomass_Balanidae_LV;0,000000
eke_3;biomass_Polychaeta;0,000000
eke_3;biomass_all_cyclo;144782,725000
eke_3;biomass_all_cop_unident;0,000000
eke_3;biomass_ac_sp_total;39233,440000
eke_3;biomass_ac_tonsa_ad;6799,990000
eke_3;biomass_ac_bifilosa_ad;0,000000
eke_3;biomass_eury_total;102333,320000
eke_3;biomass_tem_total;2600,010000
eke_3;biomass_bos_coregoni_total;13366,740000
extra_1;biomass_Keratella_cochlearis;323800,000000
extra_1;biomass_Keratella_quadrata;116400,000000
extra_1;biomass_Keratella_cruciformis;5000,000000
extra_1;biomass_Synchaeta_spp;1800,000000
extra_1;biomass_Asplancha_spp;4800,000000
extra_1;biomass_Harpacticoida;1000,000000
extra_1;biomass_Helicostomella_subulata;1,000000
extra_1;biomass_Tintinnopsis_brandti;0,000000
extra_1;biomass_Tintinnopsis_lobiancoi;0,000000
extra_1;biomass_Tintinnopsis_fimbriata;18,000000
extra_1;biomass_Gastropoda;0,000000
extra_1;biomass_Bivalvia;0,000000
extra_1;biomass_Podon_spp;1300,000000
extra_1;biomass_Evadne_spp;0,000000
extra_1;biomass_Ceriodaphnia_spp;1500,000000
extra_1;biomass_Daphnia_cucullata;9000,000000
extra_1;biomass_Daphnia_christata;0,000000
extra_1;biomass_Daphnia_spp;0,000000
extra_1;biomass_Chydorus_spp;0,000000
extra_1;biomass_Cercopagis pengoi;0,000000
extra_1;biomass_Sididae;0,000000
extra_1;biomass_Balanidae_LV;1200,000000
extra_1;biomass_Polychaeta;11200,000000
extra_1;biomass_all_cyclo;35000,000000
extra_1;biomass_all_cop_unident;200,000000
extra_1;biomass_ac_sp_total;349300,000000
extra_1;biomass_ac_tonsa_ad;77400,000000
extra_1;biomass_ac_bifilosa_ad;0,000000
extra_1;biomass_eury_total;12400,000000
extra_1;biomass_tem_total;0,000000
extra_1;biomass_bos_coregoni_total;8750,000000
extra_2;biomass_Keratella_cochlearis;10750,000000
extra_2;biomass_Keratella_quadrata;6600,000000
extra_2;biomass_Keratella_cruciformis;100,000000
extra_2;biomass_Synchaeta_spp;0,000000
extra_2;biomass_Asplancha_spp;0,000000
extra_2;biomass_Harpacticoida;0,000000
extra_2;biomass_Helicostomella_subulata;2,500000
extra_2;biomass_Tintinnopsis_brandti;0,000000
extra_2;biomass_Tintinnopsis_lobiancoi;0,000000
extra_2;biomass_Tintinnopsis_fimbriata;39,000000
extra_2;biomass_Gastropoda;0,000000
extra_2;biomass_Bivalvia;0,000000
extra_2;biomass_Podon_spp;0,000000
extra_2;biomass_Evadne_spp;0,000000
extra_2;biomass_Ceriodaphnia_spp;0,000000
extra_2;biomass_Daphnia_cucullata;0,000000
extra_2;biomass_Daphnia_christata;0,000000
extra_2;biomass_Daphnia_spp;0,000000
extra_2;biomass_Chydorus_spp;0,000000
extra_2;biomass_Cercopagis pengoi;0,000000
extra_2;biomass_Sididae;0,000000
extra_2;biomass_Balanidae_LV;0,000000
extra_2;biomass_Polychaeta;0,000000
extra_2;biomass_all_cyclo;0,000000
extra_2;biomass_all_cop_unident;0,000000
extra_2;biomass_ac_sp_total;2750,000000
extra_2;biomass_ac_tonsa_ad;0,000000
extra_2;biomass_ac_bifilosa_ad;0,000000
extra_2;biomass_eury_total;0,000000
extra_2;biomass_tem_total;2625,000000
extra_2;biomass_bos_coregoni_total;0,000000
extra_3;biomass_Keratella_cochlearis;87831,250000
extra_3;biomass_Keratella_quadrata;58650,000000
extra_3;biomass_Keratella_cruciformis;3162,500000
extra_3;biomass_Synchaeta_spp;0,000000
extra_3;biomass_Asplancha_spp;0,000000
extra_3;biomass_Harpacticoida;0,000000
extra_3;biomass_Helicostomella_subulata;47,437500
extra_3;biomass_Tintinnopsis_brandti;2,875000
extra_3;biomass_Tintinnopsis_lobiancoi;0,000000
extra_3;biomass_Tintinnopsis_fimbriata;28,750000
extra_3;biomass_Gastropoda;0,000000
extra_3;biomass_Bivalvia;0,000000
extra_3;biomass_Podon_spp;0,000000
extra_3;biomass_Evadne_spp;0,000000
extra_3;biomass_Ceriodaphnia_spp;0,000000
extra_3;biomass_Daphnia_cucullata;0,000000
extra_3;biomass_Daphnia_christata;0,000000
extra_3;biomass_Daphnia_spp;4312,500000
extra_3;biomass_Chydorus_spp;0,000000
extra_3;biomass_Cercopagis pengoi;0,000000
extra_3;biomass_Sididae;0,000000
extra_3;biomass_Balanidae_LV;0,000000
extra_3;biomass_Polychaeta;0,000000
extra_3;biomass_all_cyclo;0,000000
extra_3;biomass_all_cop_unident;5103,125000
extra_3;biomass_ac_sp_total;40896,875000
extra_3;biomass_ac_tonsa_ad;14446,875000
extra_3;biomass_ac_bifilosa_ad;1868,750000
extra_3;biomass_eury_total;575,000000
extra_3;biomass_tem_total;0,000000
extra_3;biomass_bos_coregoni_total;8625,000000
extra_4;biomass_Keratella_cochlearis;540700,000000
extra_4;biomass_Keratella_quadrata;9100,000000
extra_4;biomass_Keratella_cruciformis;4650,000000
extra_4;biomass_Synchaeta_spp;150,000000
extra_4;biomass_Asplancha_spp;0,000000
extra_4;biomass_Harpacticoida;0,000000
extra_4;biomass_Helicostomella_subulata;105,500000
extra_4;biomass_Tintinnopsis_brandti;0,000000
extra_4;biomass_Tintinnopsis_lobiancoi;0,000000
extra_4;biomass_Tintinnopsis_fimbriata;36,000000
extra_4;biomass_Gastropoda;700,000000
extra_4;biomass_Bivalvia;0,000000
extra_4;biomass_Podon_spp;0,000000
extra_4;biomass_Evadne_spp;0,000000
extra_4;biomass_Ceriodaphnia_spp;0,000000
extra_4;biomass_Daphnia_cucullata;0,000000
extra_4;biomass_Daphnia_christata;0,000000
extra_4;biomass_Daphnia_spp;0,000000
extra_4;biomass_Chydorus_spp;0,000000
extra_4;biomass_Cercopagis pengoi;0,000000
extra_4;biomass_Sididae;0,000000
extra_4;biomass_Balanidae_LV;0,000000
extra_4;biomass_Polychaeta;0,000000
extra_4;biomass_all_cyclo;0,000000
extra_4;biomass_all_cop_unident;887,500000
extra_4;biomass_ac_sp_total;100475,000000
extra_4;biomass_ac_tonsa_ad;10200,000000
extra_4;biomass_ac_bifilosa_ad;0,000000
extra_4;biomass_eury_total;300,000000
extra_4;biomass_tem_total;300,000000
extra_4;biomass_bos_coregoni_total;4925,000000
