sample;method;species;genus;class;order;phylum;reads
eke_1;bulk;Acartia_sp;Acartia;Copepoda;Calanoida;Arthropoda;1
eke_1;bulk;Acartia_tonsa;Acartia;Copepoda;Calanoida;Arthropoda;586726
eke_1;eDNA;Acartia_tonsa;Acartia;Copepoda;Calanoida;Arthropoda;118744
eke_1;eDNA;Arthropoda_sp;Unknown;Unknown;Unknown;Arthropoda;29
eke_1;eDNA;Chaetogaster_diaphanus;Chaetogaster;Clitellata;Tubificida;Annelida;39
eke_1;bulk;Cordylophora_caspia;Cordylophora;Hydrozoa;Anthoathecata;Cnidaria;1
eke_1;eDNA;Cyclopidae;Unknown;Copepoda;Cyclopoida;Arthropoda;643
eke_1;bulk;Diaphanosoma_brachyurum;Diaphanosoma;Branchiopoda;Ctenopoda;Arthropoda;18
eke_1;eDNA;Diaphanosoma_brachyurum;Diaphanosoma;Branchiopoda;Ctenopoda;Arthropoda;402
eke_1;bulk;Diplostraca;Unknown;Branchiopoda;Unknown;Arthropoda;110439
eke_1;eDNA;Diplostraca;Unknown;Branchiopoda;Unknown;Arthropoda;177
eke_1;bulk;Eurytemora_affinis;Eurytemora;Copepoda;Calanoida;Arthropoda;581
eke_1;eDNA;Eurytemora_affinis;Eurytemora;Copepoda;Calanoida;Arthropoda;114
eke_1;bulk;Eurytemora_velox;Eurytemora;Copepoda;Calanoida;Arthropoda;681
eke_1;eDNA;Eurytemora_velox;Eurytemora;Copepoda;Calanoida;Arthropoda;484
eke_1;bulk;Hydra_oligactis;Hydra;Hydrozoa;Anthoathecata;Cnidaria;58
eke_1;eDNA;Hydra_oligactis;Hydra;Hydrozoa;Anthoathecata;Cnidaria;10328
eke_1;bulk;Keratella_cochlearis;Keratella;Monogononta;Ploima;Rotifera;29682
eke_1;eDNA;Keratella_cochlearis;Keratella;Monogononta;Ploima;Rotifera;53718
eke_1;eDNA;Macrocyclops_distinctus;Macrocyclops;Copepoda;Cyclopoida;Arthropoda;1
eke_1;bulk;Megacyclops_viridis;Megacyclops;Copepoda;Cyclopoida;Arthropoda;768
eke_1;eDNA;Megacyclops_viridis;Megacyclops;Copepoda;Cyclopoida;Arthropoda;374
eke_1;bulk;Mesocyclops_leuckarti;Mesocyclops;Copepoda;Cyclopoida;Arthropoda;59
eke_1;eDNA;Mesocyclops_leuckarti;Mesocyclops;Copepoda;Cyclopoida;Arthropoda;47
eke_1;bulk;Polyarthra_dolichoptera;Polyarthra_hn;Monogononta;Ploima;Rotifera;5921
eke_1;eDNA;Polyarthra_dolichoptera;Polyarthra_hn;Monogononta;Ploima;Rotifera;11347
eke_1;bulk;Polyarthra_sp;Polyarthra_hn;Monogononta;Ploima;Rotifera;10
eke_1;eDNA;Sida_crystallina;Sida;Branchiopoda;Ctenopoda;Arthropoda;135
eke_1;eDNA;Stylaria_lacustris;Stylaria;Clitellata;Tubificida;Annelida;9
eke_1;bulk;Synchaeta_spp;Synchaeta;Monogononta;Ploima;Rotifera;256
eke_1;eDNA;Synchaeta_spp;Synchaeta;Monogononta;Ploima;Rotifera;134
eke_1;bulk;Thermocyclops_oithonoides;Thermocyclops;Copepoda;Cyclopoida;Arthropoda;4318
eke_1;eDNA;Thermocyclops_oithonoides;Thermocyclops;Copepoda;Cyclopoida;Arthropoda;6821
eke_2;bulk;Acartia_tonsa;Acartia;Copepoda;Calanoida;Arthropoda;558477
eke_2;eDNA;Acartia_tonsa;Acartia;Copepoda;Calanoida;Arthropoda;599316
eke_2;eDNA;Arthropoda_sp;Unknown;Unknown;Unknown;Arthropoda;129
eke_2;bulk;Asplanchna_spp;Asplanchna;Monogononta;Ploima;Rotifera;114
eke_2;eDNA;Asplanchna_spp;Asplanchna;Monogononta;Ploima;Rotifera;20
eke_2;bulk;Cyclopidae;Unknown;Copepoda;Cyclopoida;Arthropoda;5
eke_2;bulk;Diaphanosoma_brachyurum;Diaphanosoma;Branchiopoda;Ctenopoda;Arthropoda;241
eke_2;bulk;Diplostraca;Unknown;Branchiopoda;Unknown;Arthropoda;13917
eke_2;eDNA;Diplostraca;Unknown;Branchiopoda;Unknown;Arthropoda;239921
eke_2;bulk;Euchlanis_dilatata;Euchlanis;Monogononta;Ploima;Rotifera;27
eke_2;bulk;Eurytemora_affinis;Eurytemora;Copepoda;Calanoida;Arthropoda;25
eke_2;bulk;Eurytemora_carolleeae;Eurytemora;Copepoda;Calanoida;Arthropoda;88
eke_2;eDNA;Eurytemora_carolleeae;Eurytemora;Copepoda;Calanoida;Arthropoda;24
eke_2;bulk;Eurytemora_velox;Eurytemora;Copepoda;Calanoida;Arthropoda;19
eke_2;eDNA;Eurytemora_velox;Eurytemora;Copepoda;Calanoida;Arthropoda;2
eke_2;eDNA;Hediste_astae;Hediste;Polychaeta;Phyllodocida;Annelida;75
eke_2;eDNA;Hydra_oligactis;Hydra;Hydrozoa;Anthoathecata;Cnidaria;3
eke_2;bulk;Keratella_cochlearis;Keratella;Monogononta;Ploima;Rotifera;4947
eke_2;eDNA;Keratella_cochlearis;Keratella;Monogononta;Ploima;Rotifera;10212
eke_2;bulk;Megacyclops_viridis;Megacyclops;Copepoda;Cyclopoida;Arthropoda;77
eke_2;eDNA;Megacyclops_viridis;Megacyclops;Copepoda;Cyclopoida;Arthropoda;1
eke_2;bulk;Polyarthra_dolichoptera;Polyarthra_hn;Monogononta;Ploima;Rotifera;129
eke_2;eDNA;Polyarthra_dolichoptera;Polyarthra_hn;Monogononta;Ploima;Rotifera;360
eke_2;bulk;Sida_crystallina;Sida;Branchiopoda;Ctenopoda;Arthropoda;1850
eke_2;eDNA;Sida_crystallina;Sida;Branchiopoda;Ctenopoda;Arthropoda;12
eke_2;bulk;Synchaeta_spp;Synchaeta;Monogononta;Ploima;Rotifera;138
eke_2;eDNA;Synchaeta_spp;Synchaeta;Monogononta;Ploima;Rotifera;377
eke_2;eDNA;Tenellia_adspersa;Tenellia;Gastropoda;Nudibranchia;Mollusca;38
eke_2;bulk;Thermocyclops_oithonoides;Thermocyclops;Copepoda;Cyclopoida;Arthropoda;13
eke_3;bulk;Acartia_tonsa;Acartia;Copepoda;Calanoida;Arthropoda;530522
eke_3;eDNA;Acartia_tonsa;Acartia;Copepoda;Calanoida;Arthropoda;183329
eke_3;bulk;Arthropoda_sp;Unknown;Unknown;Unknown;Arthropoda;2
eke_3;eDNA;Arthropoda_sp;Unknown;Unknown;Unknown;Arthropoda;3
eke_3;bulk;Asplanchna_spp;Asplanchna;Monogononta;Ploima;Rotifera;40
eke_3;eDNA;Cordylophora_caspia;Cordylophora;Hydrozoa;Anthoathecata;Cnidaria;3
eke_3;bulk;Cyclopidae;Unknown;Copepoda;Cyclopoida;Arthropoda;35
eke_3;bulk;Diplostraca;Unknown;Branchiopoda;Unknown;Arthropoda;17958
eke_3;eDNA;Diplostraca;Unknown;Branchiopoda;Unknown;Arthropoda;32182
eke_3;eDNA;Euchlanis_dilatata;Euchlanis;Monogononta;Ploima;Rotifera;928
eke_3;bulk;Eurytemora_carolleeae;Eurytemora;Copepoda;Calanoida;Arthropoda;183
eke_3;eDNA;Eurytemora_carolleeae;Eurytemora;Copepoda;Calanoida;Arthropoda;2
eke_3;bulk;Eurytemora_velox;Eurytemora;Copepoda;Calanoida;Arthropoda;74
eke_3;eDNA;Eurytemora_velox;Eurytemora;Copepoda;Calanoida;Arthropoda;47
eke_3;eDNA;Hydra_oligactis;Hydra;Hydrozoa;Anthoathecata;Cnidaria;18
eke_3;bulk;Keratella_cochlearis;Keratella;Monogononta;Ploima;Rotifera;33902
eke_3;eDNA;Keratella_cochlearis;Keratella;Monogononta;Ploima;Rotifera;65143
eke_3;bulk;Megacyclops_viridis;Megacyclops;Copepoda;Cyclopoida;Arthropoda;440
eke_3;eDNA;Megacyclops_viridis;Megacyclops;Copepoda;Cyclopoida;Arthropoda;81
eke_3;bulk;Mesocyclops_leuckarti;Mesocyclops;Copepoda;Cyclopoida;Arthropoda;6
eke_3;eDNA;Mesocyclops_leuckarti;Mesocyclops;Copepoda;Cyclopoida;Arthropoda;8
eke_3;eDNA;Mytilopsis_leucophaeata;Mytilopsis;Bivalvia;Myida;Mollusca;9
eke_3;bulk;Polyarthra_dolichoptera;Polyarthra_hn;Monogononta;Ploima;Rotifera;5
eke_3;eDNA;Polyarthra_dolichoptera;Polyarthra_hn;Monogononta;Ploima;Rotifera;25
eke_3;eDNA;Polyarthra_sp;Polyarthra_hn;Monogononta;Ploima;Rotifera;24
eke_3;bulk;Synchaeta_cf_tremula/oblonga;Synchaeta;Monogononta;Ploima;Rotifera;16
eke_3;eDNA;Synchaeta_cf_tremula/oblonga;Synchaeta;Monogononta;Ploima;Rotifera;663
eke_3;bulk;Synchaeta_spp;Synchaeta;Monogononta;Ploima;Rotifera;261
eke_3;eDNA;Synchaeta_spp;Synchaeta;Monogononta;Ploima;Rotifera;2790
eke_3;bulk;Thermocyclops_oithonoides;Thermocyclops;Copepoda;Cyclopoida;Arthropoda;477
eke_3;eDNA;Thermocyclops_oithonoides;Thermocyclops;Copepoda;Cyclopoida;Arthropoda;264
exposed_1;bulk;Acartia_sp;Acartia;Copepoda;Calanoida;Arthropoda;65874
exposed_1;eDNA;Acartia_sp;Acartia;Copepoda;Calanoida;Arthropoda;119805
exposed_1;bulk;Acartia_tonsa;Acartia;Copepoda;Calanoida;Arthropoda;335821
exposed_1;eDNA;Acartia_tonsa;Acartia;Copepoda;Calanoida;Arthropoda;203894
exposed_1;eDNA;Arthropoda_sp;Unknown;Unknown;Unknown;Arthropoda;4
exposed_1;eDNA;Bivalvia;Unknown;Bivalvia;Unknown;Mollusca;1
exposed_1;bulk;Cerastoderma_glaucum;Cerastoderma;Bivalvia;Cardiida;Mollusca;5
exposed_1;eDNA;Cerastoderma_glaucum;Cerastoderma;Bivalvia;Cardiida;Mollusca;46
exposed_1;bulk;Eurytemora_affinis;Eurytemora;Copepoda;Calanoida;Arthropoda;59514
exposed_1;eDNA;Eurytemora_affinis;Eurytemora;Copepoda;Calanoida;Arthropoda;380
exposed_1;eDNA;Hediste_astae;Hediste;Polychaeta;Phyllodocida;Annelida;23
exposed_1;bulk;Hydra_oligactis;Hydra;Hydrozoa;Anthoathecata;Cnidaria;172
exposed_1;eDNA;Hydra_oligactis;Hydra;Hydrozoa;Anthoathecata;Cnidaria;905
exposed_1;eDNA;Hydra_sp;Hydra;Hydrozoa;Anthoathecata;Cnidaria;3
exposed_1;bulk;Keratella_cochlearis;Keratella;Monogononta;Ploima;Rotifera;75
exposed_1;eDNA;Keratella_cochlearis;Keratella;Monogononta;Ploima;Rotifera;1679
exposed_1;bulk;Macrocyclops_distinctus;Macrocyclops;Copepoda;Cyclopoida;Arthropoda;8593
exposed_1;eDNA;Macrocyclops_distinctus;Macrocyclops;Copepoda;Cyclopoida;Arthropoda;741
exposed_1;eDNA;Marenzelleria_viridis;Marenzelleria;Polychaeta;Spionida;Annelida;10
exposed_1;eDNA;Megacyclops_viridis;Megacyclops;Copepoda;Cyclopoida;Arthropoda;416
exposed_1;bulk;Pleopis_polyphemoides;Pleopis;Branchiopoda;Onychopoda;Arthropoda;175
exposed_1;eDNA;Pleopis_polyphemoides;Pleopis;Branchiopoda;Onychopoda;Arthropoda;29
exposed_1;bulk;Polyarthra_sp;Polyarthra_hn;Monogononta;Ploima;Rotifera;5
exposed_1;eDNA;Polyarthra_sp;Polyarthra_hn;Monogononta;Ploima;Rotifera;8
exposed_1;bulk;Synchaeta_spp;Synchaeta;Monogononta;Ploima;Rotifera;3792
exposed_1;eDNA;Synchaeta_spp;Synchaeta;Monogononta;Ploima;Rotifera;3008
exposed_1;bulk;Temora_longicornis;Temora;Copepoda;Calanoida;Arthropoda;8
exposed_1;eDNA;Tenellia_adspersa;Tenellia;Gastropoda;Nudibranchia;Mollusca;14
exposed_2;bulk;Acartia_sp;Acartia;Copepoda;Calanoida;Arthropoda;35522
exposed_2;eDNA;Acartia_sp;Acartia;Copepoda;Calanoida;Arthropoda;1438
exposed_2;bulk;Acartia_tonsa;Acartia;Copepoda;Calanoida;Arthropoda;391014
exposed_2;eDNA;Acartia_tonsa;Acartia;Copepoda;Calanoida;Arthropoda;709810
exposed_2;bulk;Arthropoda_sp;Unknown;Unknown;Unknown;Arthropoda;9
exposed_2;eDNA;Arthropoda_sp;Unknown;Unknown;Unknown;Arthropoda;29
exposed_2;bulk;Bivalvia;Unknown;Bivalvia;Unknown;Mollusca;1
exposed_2;eDNA;Bivalvia;Unknown;Bivalvia;Unknown;Mollusca;5
exposed_2;bulk;Cerastoderma_glaucum;Cerastoderma;Bivalvia;Cardiida;Mollusca;203
exposed_2;eDNA;Cerastoderma_glaucum;Cerastoderma;Bivalvia;Cardiida;Mollusca;78
exposed_2;eDNA;Corymorpha_sp;Corymorpha;Hydrozoa;Anthoathecata;Cnidaria;8
exposed_2;bulk;Diplostraca;Unknown;Branchiopoda;Anomopoda;Arthropoda;18
exposed_2;eDNA;Diplostraca;Unknown;Branchiopoda;Anomopoda;Arthropoda;13
exposed_2;bulk;Eurytemora_affinis;Eurytemora;Copepoda;Calanoida;Arthropoda;57661
exposed_2;eDNA;Eurytemora_affinis;Eurytemora;Copepoda;Calanoida;Arthropoda;710
exposed_2;bulk;Hediste_astae;Hediste;Polychaeta;Phyllodocida;Annelida;4
exposed_2;eDNA;Hediste_astae;Hediste;Polychaeta;Phyllodocida;Annelida;640
exposed_2;eDNA;Hydra_oligactis;Hydra;Hydrozoa;Anthoathecata;Cnidaria;7
exposed_2;bulk;Keratella_cochlearis;Keratella;Monogononta;Ploima;Rotifera;1165
exposed_2;eDNA;Keratella_cochlearis;Keratella;Monogononta;Ploima;Rotifera;528
exposed_2;bulk;Lecane_bulla;Lecane;Monogononta;Ploima;Rotifera;3
exposed_2;eDNA;Lecane_closterocerca;Lecane;Monogononta;Ploima;Rotifera;31
exposed_2;eDNA;Lecane_cornuta;Lecane;Monogononta;Ploima;Rotifera;94
exposed_2;bulk;Macrocyclops_distinctus;Macrocyclops;Copepoda;Cyclopoida;Arthropoda;2
exposed_2;eDNA;Marenzelleria_viridis;Marenzelleria;Polychaeta;Spionida;Annelida;5
exposed_2;eDNA;Megacyclops_viridis;Megacyclops;Copepoda;Cyclopoida;Arthropoda;12
exposed_2;bulk;Pleopis_polyphemoides;Pleopis;Branchiopoda;Onychopoda;Arthropoda;89
exposed_2;eDNA;Pleopis_polyphemoides;Pleopis;Branchiopoda;Onychopoda;Arthropoda;3
exposed_2;bulk;Synchaeta_spp;Synchaeta;Monogononta;Ploima;Rotifera;646
exposed_2;eDNA;Synchaeta_spp;Synchaeta;Monogononta;Ploima;Rotifera;1090
exposed_2;bulk;Tachidius_discipes;Tachidius;Copepoda;Harpacticoida;Arthropoda;1145
exposed_2;eDNA;Tachidius_discipes;Tachidius;Copepoda;Harpacticoida;Arthropoda;1929
exposed_2;bulk;Temora_longicornis;Temora;Copepoda;Calanoida;Arthropoda;33
exposed_2;eDNA;Trichocerca_capucina;Trichocerca;Monogononta;Ploima;Rotifera;7
exposed_3;bulk;Acartia_sp;Acartia;Copepoda;Calanoida;Arthropoda;4133
exposed_3;eDNA;Acartia_sp;Acartia;Copepoda;Calanoida;Arthropoda;2513
exposed_3;bulk;Acartia_tonsa;Acartia;Copepoda;Calanoida;Arthropoda;251640
exposed_3;eDNA;Acartia_tonsa;Acartia;Copepoda;Calanoida;Arthropoda;691926
exposed_3;eDNA;Arthropoda_sp;Unknown;Unknown;Unknown;Arthropoda;17
exposed_3;eDNA;Bivalvia;Unknown;Bivalvia;Unknown;Mollusca;12
exposed_3;eDNA;Cerastoderma_glaucum;Cerastoderma;Bivalvia;Cardiida;Mollusca;82
exposed_3;eDNA;Chaetogaster_diaphanus;Chaetogaster;Clitellata;Tubificida;Annelida;10
exposed_3;eDNA;Corymorpha_sp;Corymorpha;Hydrozoa;Anthoathecata;Cnidaria;30
exposed_3;eDNA;Diplostraca;Unknown;Branchiopoda;Anomopoda;Arthropoda;2
exposed_3;eDNA;Diplostraca;Unknown;Branchiopoda;Unknown;Arthropoda;1
exposed_3;bulk;Eurytemora_affinis;Eurytemora;Copepoda;Calanoida;Arthropoda;1337
exposed_3;eDNA;Eurytemora_affinis;Eurytemora;Copepoda;Calanoida;Arthropoda;8492
exposed_3;bulk;Keratella_cochlearis;Keratella;Monogononta;Ploima;Rotifera;16
exposed_3;eDNA;Keratella_cochlearis;Keratella;Monogononta;Ploima;Rotifera;1610
exposed_3;eDNA;Lecane_cornuta;Lecane;Monogononta;Ploima;Rotifera;4
exposed_3;eDNA;Marenzelleria_viridis;Marenzelleria;Polychaeta;Spionida;Annelida;3
exposed_3;eDNA;Megacyclops_viridis;Megacyclops;Copepoda;Cyclopoida;Arthropoda;112
exposed_3;bulk;Pleopis_polyphemoides;Pleopis;Branchiopoda;Onychopoda;Arthropoda;140
exposed_3;eDNA;Pleopis_polyphemoides;Pleopis;Branchiopoda;Onychopoda;Arthropoda;10
exposed_3;bulk;Synchaeta_spp;Synchaeta;Monogononta;Ploima;Rotifera;1057
exposed_3;eDNA;Synchaeta_spp;Synchaeta;Monogononta;Ploima;Rotifera;569
exposed_3;eDNA;Tachidius_discipes;Tachidius;Copepoda;Harpacticoida;Arthropoda;7
exposed_3;eDNA;Thersitina_gasterostei;Thersitina;Copepoda;Cyclopoida;Arthropoda;9
exposed_4;bulk;Acartia_sp;Acartia;Copepoda;Calanoida;Arthropoda;836
exposed_4;eDNA;Acartia_sp;Acartia;Copepoda;Calanoida;Arthropoda;730
exposed_4;bulk;Acartia_tonsa;Acartia;Copepoda;Calanoida;Arthropoda;606276
exposed_4;eDNA;Acartia_tonsa;Acartia;Copepoda;Calanoida;Arthropoda;624569
exposed_4;bulk;Arthropoda_sp;Unknown;Unknown;Unknown;Arthropoda;2
exposed_4;eDNA;Arthropoda_sp;Unknown;Unknown;Unknown;Arthropoda;12
exposed_4;bulk;Bivalvia;Unknown;Bivalvia;Unknown;Mollusca;1
exposed_4;eDNA;Bivalvia;Unknown;Bivalvia;Unknown;Mollusca;4
exposed_4;bulk;Cerastoderma_glaucum;Cerastoderma;Bivalvia;Cardiida;Mollusca;7
exposed_4;eDNA;Cerastoderma_glaucum;Cerastoderma;Bivalvia;Cardiida;Mollusca;150
exposed_4;eDNA;Diplostraca;Unknown;Branchiopoda;Anomopoda;Arthropoda;1
exposed_4;eDNA;Euchlanis_dilatata;Euchlanis;Monogononta;Ploima;Rotifera;6
exposed_4;bulk;Eurytemora_affinis;Eurytemora;Copepoda;Calanoida;Arthropoda;16034
exposed_4;eDNA;Eurytemora_affinis;Eurytemora;Copepoda;Calanoida;Arthropoda;975
exposed_4;bulk;Eurytemora_carolleeae;Eurytemora;Copepoda;Calanoida;Arthropoda;4
exposed_4;eDNA;Hydra_oligactis;Hydra;Hydrozoa;Anthoathecata;Cnidaria;2
exposed_4;bulk;Keratella_cochlearis;Keratella;Monogononta;Ploima;Rotifera;384
exposed_4;eDNA;Keratella_cochlearis;Keratella;Monogononta;Ploima;Rotifera;1654
exposed_4;eDNA;Lecane_closterocerca;Lecane;Monogononta;Ploima;Rotifera;17
exposed_4;eDNA;Lecane_cornuta;Lecane;Monogononta;Ploima;Rotifera;38
exposed_4;eDNA;Lumbricillus_lineatus;Lumbricillus;Clitellata;Enchytraeida;Annelida;3
exposed_4;eDNA;Macrocyclops_distinctus;Macrocyclops;Copepoda;Cyclopoida;Arthropoda;5
exposed_4;eDNA;Marenzelleria_viridis;Marenzelleria;Polychaeta;Spionida;Annelida;6
exposed_4;bulk;Megacyclops_viridis;Megacyclops;Copepoda;Cyclopoida;Arthropoda;123
exposed_4;eDNA;Megacyclops_viridis;Megacyclops;Copepoda;Cyclopoida;Arthropoda;354
exposed_4;bulk;Synchaeta_spp;Synchaeta;Monogononta;Ploima;Rotifera;89
exposed_4;eDNA;Synchaeta_spp;Synchaeta;Monogononta;Ploima;Rotifera;289
exposed_4;bulk;Tachidius_discipes;Tachidius;Copepoda;Harpacticoida;Arthropoda;274
exposed_4;eDNA;Tachidius_discipes;Tachidius;Copepoda;Harpacticoida;Arthropoda;439
exposed_4;eDNA;Tenellia_adspersa;Tenellia;Gastropoda;Nudibranchia;Mollusca;548
exposed_4;bulk;Thersitina_gasterostei;Thersitina;Copepoda;Cyclopoida;Arthropoda;7
exposed_5;bulk;Acartia_sp;Acartia;Copepoda;Calanoida;Arthropoda;2971
exposed_5;eDNA;Acartia_sp;Acartia;Copepoda;Calanoida;Arthropoda;124
exposed_5;bulk;Acartia_tonsa;Acartia;Copepoda;Calanoida;Arthropoda;245178
exposed_5;eDNA;Acartia_tonsa;Acartia;Copepoda;Calanoida;Arthropoda;407451
exposed_5;eDNA;Arthropoda_sp;Unknown;Unknown;Unknown;Arthropoda;1
exposed_5;eDNA;Bivalvia;Unknown;Bivalvia;Unknown;Mollusca;2
exposed_5;eDNA;Chaetogaster_diaphanus;Chaetogaster;Clitellata;Tubificida;Annelida;40
exposed_5;eDNA;Corymorpha_sp;Corymorpha;Hydrozoa;Anthoathecata;Cnidaria;1
exposed_5;bulk;Diaphanosoma_brachyurum;Diaphanosoma;Branchiopoda;Ctenopoda;Arthropoda;2
exposed_5;eDNA;Diplostraca;Unknown;Branchiopoda;Anomopoda;Arthropoda;13
exposed_5;bulk;Eurytemora_affinis;Eurytemora;Copepoda;Calanoida;Arthropoda;16909
exposed_5;eDNA;Eurytemora_affinis;Eurytemora;Copepoda;Calanoida;Arthropoda;240
exposed_5;eDNA;Hediste_astae;Hediste;Polychaeta;Phyllodocida;Annelida;7
exposed_5;eDNA;Hydra_oligactis;Hydra;Hydrozoa;Anthoathecata;Cnidaria;24
exposed_5;bulk;Keratella_cochlearis;Keratella;Monogononta;Ploima;Rotifera;1
exposed_5;eDNA;Lecane_cornuta;Lecane;Monogononta;Ploima;Rotifera;38
exposed_5;eDNA;Lepadellidae_sp;Unknown;Monogononta;Ploima;Rotifera;3
exposed_5;eDNA;Macrocyclops_distinctus;Macrocyclops;Copepoda;Cyclopoida;Arthropoda;1091
exposed_5;bulk;Megacyclops_viridis;Megacyclops;Copepoda;Cyclopoida;Arthropoda;546
exposed_5;bulk;Pleopis_polyphemoides;Pleopis;Branchiopoda;Onychopoda;Arthropoda;32
exposed_5;bulk;Synchaeta_spp;Synchaeta;Monogononta;Ploima;Rotifera;804
exposed_5;eDNA;Synchaeta_spp;Synchaeta;Monogononta;Ploima;Rotifera;341
exposed_5;bulk;Tachidius_discipes;Tachidius;Copepoda;Harpacticoida;Arthropoda;5
exposed_5;eDNA;Tachidius_discipes;Tachidius;Copepoda;Harpacticoida;Arthropoda;17
exposed_5;eDNA;Tenellia_adspersa;Tenellia;Gastropoda;Nudibranchia;Mollusca;8
exposed_6;bulk;Acartia_sp;Acartia;Copepoda;Calanoida;Arthropoda;18354
exposed_6;eDNA;Acartia_sp;Acartia;Copepoda;Calanoida;Arthropoda;10312
exposed_6;bulk;Acartia_tonsa;Acartia;Copepoda;Calanoida;Arthropoda;454053
exposed_6;eDNA;Acartia_tonsa;Acartia;Copepoda;Calanoida;Arthropoda;677303
exposed_6;eDNA;Arthropoda_sp;Unknown;Unknown;Unknown;Arthropoda;4
exposed_6;eDNA;Bivalvia;Unknown;Bivalvia;Unknown;Mollusca;11
exposed_6;bulk;Cerastoderma_glaucum;Cerastoderma;Bivalvia;Cardiida;Mollusca;51
exposed_6;eDNA;Cerastoderma_glaucum;Cerastoderma;Bivalvia;Cardiida;Mollusca;75
exposed_6;eDNA;Corymorpha_sp;Corymorpha;Hydrozoa;Anthoathecata;Cnidaria;7
exposed_6;bulk;Cyclopidae;Unknown;Copepoda;Cyclopoida;Arthropoda;11
exposed_6;eDNA;Diplostraca;Unknown;Branchiopoda;Anomopoda;Arthropoda;4
exposed_6;eDNA;Euchlanis_dilatata;Euchlanis;Monogononta;Ploima;Rotifera;22
exposed_6;bulk;Eurytemora_affinis;Eurytemora;Copepoda;Calanoida;Arthropoda;32373
exposed_6;eDNA;Eurytemora_affinis;Eurytemora;Copepoda;Calanoida;Arthropoda;1
exposed_6;eDNA;Hediste_astae;Hediste;Polychaeta;Phyllodocida;Annelida;18
exposed_6;eDNA;Hydra_oligactis;Hydra;Hydrozoa;Anthoathecata;Cnidaria;125
exposed_6;bulk;Keratella;Keratella;Monogononta;Ploima;Rotifera;30
exposed_6;bulk;Keratella_cochlearis;Keratella;Monogononta;Ploima;Rotifera;2988
exposed_6;eDNA;Keratella_cochlearis;Keratella;Monogononta;Ploima;Rotifera;4923
exposed_6;eDNA;Lecane_closterocerca;Lecane;Monogononta;Ploima;Rotifera;5
exposed_6;eDNA;Lumbricillus_lineatus;Lumbricillus;Clitellata;Enchytraeida;Annelida;19
exposed_6;eDNA;Macrocyclops_distinctus;Macrocyclops;Copepoda;Cyclopoida;Arthropoda;2
exposed_6;eDNA;Marenzelleria_viridis;Marenzelleria;Polychaeta;Spionida;Annelida;12
exposed_6;bulk;Megacyclops_viridis;Megacyclops;Copepoda;Cyclopoida;Arthropoda;358
exposed_6;bulk;Pleopis_polyphemoides;Pleopis;Branchiopoda;Onychopoda;Arthropoda;97
exposed_6;bulk;Polyarthra_sp;Polyarthra_hn;Monogononta;Ploima;Rotifera;1
exposed_6;bulk;Synchaeta_spp;Synchaeta;Monogononta;Ploima;Rotifera;599
exposed_6;eDNA;Tachidius_discipes;Tachidius;Copepoda;Harpacticoida;Arthropoda;4
exposed_6;eDNA;Tenellia_adspersa;Tenellia;Gastropoda;Nudibranchia;Mollusca;1
extra_1;bulk;Acartia_sp;Acartia;Copepoda;Calanoida;Arthropoda;20
extra_1;eDNA;Acartia_sp;Acartia;Copepoda;Calanoida;Arthropoda;5
extra_1;bulk;Acartia_tonsa;Acartia;Copepoda;Calanoida;Arthropoda;367626
extra_1;eDNA;Acartia_tonsa;Acartia;Copepoda;Calanoida;Arthropoda;1354857
extra_1;bulk;Asplanchna_spp;Asplanchna;Monogononta;Ploima;Rotifera;15
extra_1;eDNA;Cyclopidae;Unknown;Copepoda;Cyclopoida;Arthropoda;25
extra_1;eDNA;Diaphanosoma_brachyurum;Diaphanosoma;Branchiopoda;Ctenopoda;Arthropoda;5
extra_1;bulk;Diplostraca;Unknown;Branchiopoda;Unknown;Arthropoda;248
extra_1;eDNA;Diplostraca;Unknown;Branchiopoda;Unknown;Arthropoda;1119
extra_1;bulk;Euchlanis_dilatata;Euchlanis;Monogononta;Ploima;Rotifera;1
extra_1;bulk;Eurytemora_affinis;Eurytemora;Copepoda;Calanoida;Arthropoda;122
extra_1;bulk;Eurytemora_velox;Eurytemora;Copepoda;Calanoida;Arthropoda;4
extra_1;eDNA;Eurytemora_velox;Eurytemora;Copepoda;Calanoida;Arthropoda;23
extra_1;eDNA;Hydra_oligactis;Hydra;Hydrozoa;Anthoathecata;Cnidaria;52
extra_1;bulk;Keratella_cochlearis;Keratella;Monogononta;Ploima;Rotifera;917
extra_1;eDNA;Keratella_cochlearis;Keratella;Monogononta;Ploima;Rotifera;46302
extra_1;bulk;Megacyclops_viridis;Megacyclops;Copepoda;Cyclopoida;Arthropoda;17
extra_1;eDNA;Megacyclops_viridis;Megacyclops;Copepoda;Cyclopoida;Arthropoda;14
extra_1;bulk;Mesocyclops_leuckarti;Mesocyclops;Copepoda;Cyclopoida;Arthropoda;1
extra_1;eDNA;Pleopis_polyphemoides;Pleopis;Branchiopoda;Onychopoda;Arthropoda;3
extra_1;bulk;Polyarthra_dolichoptera;Polyarthra_hn;Monogononta;Ploima;Rotifera;115
extra_1;eDNA;Polyarthra_dolichoptera;Polyarthra_hn;Monogononta;Ploima;Rotifera;1951
extra_1;bulk;Synchaeta_cf_tremula/oblonga;Synchaeta;Monogononta;Ploima;Rotifera;1
extra_1;eDNA;Synchaeta_spp;Synchaeta;Monogononta;Ploima;Rotifera;52
extra_1;bulk;Thermocyclops_oithonoides;Thermocyclops;Copepoda;Cyclopoida;Arthropoda;5
extra_1;eDNA;Thermocyclops_oithonoides;Thermocyclops;Copepoda;Cyclopoida;Arthropoda;153
extra_2;bulk;Acartia_sp;Acartia;Copepoda;Calanoida;Arthropoda;3015
extra_2;bulk;Acartia_tonsa;Acartia;Copepoda;Calanoida;Arthropoda;495662
extra_2;eDNA;Acartia_tonsa;Acartia;Copepoda;Calanoida;Arthropoda;688787
extra_2;bulk;Arthropoda_sp;Unknown;Unknown;Unknown;Arthropoda;2
extra_2;eDNA;Arthropoda_sp;Unknown;Unknown;Unknown;Arthropoda;7
extra_2;bulk;Asplanchna_spp;Asplanchna;Monogononta;Ploima;Rotifera;18
extra_2;eDNA;Asplanchna_spp;Asplanchna;Monogononta;Ploima;Rotifera;90
extra_2;eDNA;Cerastoderma_glaucum;Cerastoderma;Bivalvia;Cardiida;Mollusca;1
extra_2;eDNA;Chaetogaster_diaphanus;Chaetogaster;Clitellata;Tubificida;Annelida;22
extra_2;eDNA;Corymorpha_sp;Corymorpha;Hydrozoa;Anthoathecata;Cnidaria;1
extra_2;eDNA;Diaphanosoma_brachyurum;Diaphanosoma;Branchiopoda;Ctenopoda;Arthropoda;4
extra_2;eDNA;Eucyclops_macrurus;Eucyclops;Copepoda;Cyclopoida;Arthropoda;1
extra_2;bulk;Eurytemora_affinis;Eurytemora;Copepoda;Calanoida;Arthropoda;14
extra_2;bulk;Eurytemora_velox;Eurytemora;Copepoda;Calanoida;Arthropoda;1
extra_2;bulk;Hediste_astae;Hediste;Polychaeta;Phyllodocida;Annelida;20
extra_2;eDNA;Hediste_astae;Hediste;Polychaeta;Phyllodocida;Annelida;69
extra_2;eDNA;Hydra_oligactis;Hydra;Hydrozoa;Anthoathecata;Cnidaria;372
extra_2;bulk;Keratella;Keratella;Monogononta;Ploima;Rotifera;5
extra_2;bulk;Keratella_cochlearis;Keratella;Monogononta;Ploima;Rotifera;1374
extra_2;eDNA;Keratella_cochlearis;Keratella;Monogononta;Ploima;Rotifera;8868
extra_2;eDNA;Marenzelleria_viridis;Marenzelleria;Polychaeta;Spionida;Annelida;15
extra_2;bulk;Megacyclops_viridis;Megacyclops;Copepoda;Cyclopoida;Arthropoda;461
extra_2;eDNA;Megacyclops_viridis;Megacyclops;Copepoda;Cyclopoida;Arthropoda;56
extra_2;bulk;Mesocyclops_leuckarti;Mesocyclops;Copepoda;Cyclopoida;Arthropoda;2
extra_2;bulk;Polyarthra_dolichoptera;Polyarthra_hn;Monogononta;Ploima;Rotifera;9
extra_2;eDNA;Polyarthra_dolichoptera;Polyarthra_hn;Monogononta;Ploima;Rotifera;10
extra_2;eDNA;Sida_crystallina;Sida;Branchiopoda;Ctenopoda;Arthropoda;18
extra_2;bulk;Synchaeta_spp;Synchaeta;Monogononta;Ploima;Rotifera;72
extra_2;eDNA;Synchaeta_spp;Synchaeta;Monogononta;Ploima;Rotifera;202
extra_2;bulk;Thermocyclops_oithonoides;Thermocyclops;Copepoda;Cyclopoida;Arthropoda;14
extra_2;eDNA;Thermocyclops_oithonoides;Thermocyclops;Copepoda;Cyclopoida;Arthropoda;1
extra_3;bulk;Acartia_sp;Acartia;Copepoda;Calanoida;Arthropoda;14021
extra_3;eDNA;Acartia_sp;Acartia;Copepoda;Calanoida;Arthropoda;1934
extra_3;bulk;Acartia_tonsa;Acartia;Copepoda;Calanoida;Arthropoda;434428
extra_3;eDNA;Acartia_tonsa;Acartia;Copepoda;Calanoida;Arthropoda;613971
extra_3;eDNA;Arthropoda_sp;Unknown;Unknown;Unknown;Arthropoda;1
extra_3;bulk;Asplanchna_spp;Asplanchna;Monogononta;Ploima;Rotifera;26
extra_3;eDNA;Brachionidae_sp;Unknown;Monogononta;Ploima;Rotifera;12
extra_3;eDNA;Cerastoderma_glaucum;Cerastoderma;Bivalvia;Cardiida;Mollusca;4
extra_3;eDNA;Chaetogaster_diaphanus;Chaetogaster;Clitellata;Tubificida;Annelida;1
extra_3;eDNA;Diaphanosoma_brachyurum;Diaphanosoma;Branchiopoda;Ctenopoda;Arthropoda;18
extra_3;eDNA;Diplostraca;Unknown;Branchiopoda;Unknown;Arthropoda;8
extra_3;bulk;Eucyclops_macrurus;Eucyclops;Copepoda;Cyclopoida;Arthropoda;4
extra_3;bulk;Eurytemora_affinis;Eurytemora;Copepoda;Calanoida;Arthropoda;18
extra_3;bulk;Hediste_astae;Hediste;Polychaeta;Phyllodocida;Annelida;2
extra_3;eDNA;Hediste_astae;Hediste;Polychaeta;Phyllodocida;Annelida;1125
extra_3;eDNA;Hydra_oligactis;Hydra;Hydrozoa;Anthoathecata;Cnidaria;65
extra_3;bulk;Keratella;Keratella;Monogononta;Ploima;Rotifera;21
extra_3;eDNA;Keratella;Keratella;Monogononta;Ploima;Rotifera;435
extra_3;bulk;Keratella_cochlearis;Keratella;Monogononta;Ploima;Rotifera;1922
extra_3;eDNA;Keratella_cochlearis;Keratella;Monogononta;Ploima;Rotifera;13537
extra_3;eDNA;Marenzelleria_viridis;Marenzelleria;Polychaeta;Spionida;Annelida;1
extra_3;bulk;Megacyclops_viridis;Megacyclops;Copepoda;Cyclopoida;Arthropoda;44
extra_3;eDNA;Megacyclops_viridis;Megacyclops;Copepoda;Cyclopoida;Arthropoda;562
extra_3;bulk;Mesocyclops_leuckarti;Mesocyclops;Copepoda;Cyclopoida;Arthropoda;1
extra_3;bulk;Mytilopsis_leucophaeata;Mytilopsis;Bivalvia;Myida;Mollusca;2
extra_3;eDNA;Mytilopsis_leucophaeata;Mytilopsis;Bivalvia;Myida;Mollusca;12
extra_3;eDNA;Polyarthra_dolichoptera;Polyarthra_hn;Monogononta;Ploima;Rotifera;15
extra_3;bulk;Synchaeta_spp;Synchaeta;Monogononta;Ploima;Rotifera;1
extra_3;bulk;Thermocyclops_oithonoides;Thermocyclops;Copepoda;Cyclopoida;Arthropoda;3
extra_4;bulk;Acartia_sp;Acartia;Copepoda;Calanoida;Arthropoda;639
extra_4;eDNA;Acartia_sp;Acartia;Copepoda;Calanoida;Arthropoda;1156
extra_4;bulk;Acartia_tonsa;Acartia;Copepoda;Calanoida;Arthropoda;521202
extra_4;eDNA;Acartia_tonsa;Acartia;Copepoda;Calanoida;Arthropoda;369382
extra_4;eDNA;Arthropoda_sp;Unknown;Unknown;Unknown;Arthropoda;7
extra_4;bulk;Cerastoderma_glaucum;Cerastoderma;Bivalvia;Cardiida;Mollusca;712
extra_4;eDNA;Corymorpha_sp;Corymorpha;Hydrozoa;Anthoathecata;Cnidaria;2
extra_4;bulk;Eurytemora_affinis;Eurytemora;Copepoda;Calanoida;Arthropoda;704
extra_4;eDNA;Eurytemora_affinis;Eurytemora;Copepoda;Calanoida;Arthropoda;12
extra_4;eDNA;Hediste_astae;Hediste;Polychaeta;Phyllodocida;Annelida;153
extra_4;eDNA;Hydra_oligactis;Hydra;Hydrozoa;Anthoathecata;Cnidaria;7
extra_4;bulk;Keratella;Keratella;Monogononta;Ploima;Rotifera;1921
extra_4;bulk;Keratella_cochlearis;Keratella;Monogononta;Ploima;Rotifera;76256
extra_4;eDNA;Keratella_cochlearis;Keratella;Monogononta;Ploima;Rotifera;15211
extra_4;bulk;Lecane_bulla;Lecane;Monogononta;Ploima;Rotifera;2
extra_4;eDNA;Polyarthra_sp;Polyarthra_hn;Monogononta;Ploima;Rotifera;7
extra_4;eDNA;Tachidius_discipes;Tachidius;Copepoda;Harpacticoida;Arthropoda;165
extra_4;bulk;Tenellia_adspersa;Tenellia;Gastropoda;Nudibranchia;Mollusca;235
extra_4;eDNA;Tenellia_adspersa;Tenellia;Gastropoda;Nudibranchia;Mollusca;4
pojo_1;bulk;Acartia_tonsa;Acartia;Copepoda;Calanoida;Arthropoda;91
pojo_1;eDNA;Acartia_tonsa;Acartia;Copepoda;Calanoida;Arthropoda;22
pojo_1;bulk;Arthropoda_sp;Unknown;Unknown;Unknown;Arthropoda;31
pojo_1;eDNA;Arthropoda_sp;Unknown;Unknown;Unknown;Arthropoda;330
pojo_1;bulk;Asplanchna_spp;Asplanchna;Monogononta;Ploima;Rotifera;33
pojo_1;eDNA;Cordylophora_caspia;Cordylophora;Hydrozoa;Anthoathecata;Cnidaria;37
pojo_1;eDNA;Daphnia_spp;Daphnia;Branchiopoda;Anomopoda;Arthropoda;25
pojo_1;bulk;Diaphanosoma_brachyurum;Diaphanosoma;Branchiopoda;Ctenopoda;Arthropoda;23
pojo_1;eDNA;Diaphanosoma_brachyurum;Diaphanosoma;Branchiopoda;Ctenopoda;Arthropoda;168
pojo_1;eDNA;Ephydatia_muelleri;Ephydatia;Demospongiae;Spongillida;Porifera;114
pojo_1;bulk;Eurytemora_affinis;Eurytemora;Copepoda;Calanoida;Arthropoda;1668
pojo_1;bulk;Eurytemora_velox;Eurytemora;Copepoda;Calanoida;Arthropoda;987
pojo_1;eDNA;Eurytemora_velox;Eurytemora;Copepoda;Calanoida;Arthropoda;328
pojo_1;eDNA;Hydra_oligactis;Hydra;Hydrozoa;Anthoathecata;Cnidaria;215
pojo_1;bulk;Keratella_cochlearis;Keratella;Monogononta;Ploima;Rotifera;139204
pojo_1;eDNA;Keratella_cochlearis;Keratella;Monogononta;Ploima;Rotifera;571776
pojo_1;bulk;Megacyclops_viridis;Megacyclops;Copepoda;Cyclopoida;Arthropoda;47
pojo_1;eDNA;Megacyclops_viridis;Megacyclops;Copepoda;Cyclopoida;Arthropoda;146
pojo_1;bulk;Mesocyclops_leuckarti;Mesocyclops;Copepoda;Cyclopoida;Arthropoda;431
pojo_1;eDNA;Mesocyclops_leuckarti;Mesocyclops;Copepoda;Cyclopoida;Arthropoda;290
pojo_1;bulk;Polyarthra_dolichoptera;Polyarthra_hn;Monogononta;Ploima;Rotifera;5872
pojo_1;eDNA;Polyarthra_dolichoptera;Polyarthra_hn;Monogononta;Ploima;Rotifera;12075
pojo_1;bulk;Thermocyclops_oithonoides;Thermocyclops;Copepoda;Cyclopoida;Arthropoda;14308
pojo_1;eDNA;Thermocyclops_oithonoides;Thermocyclops;Copepoda;Cyclopoida;Arthropoda;6782
pojo_2;bulk;Acartia_tonsa;Acartia;Copepoda;Calanoida;Arthropoda;2254
pojo_2;eDNA;Acartia_tonsa;Acartia;Copepoda;Calanoida;Arthropoda;9901
pojo_2;eDNA;Arthropoda_sp;Unknown;Unknown;Unknown;Arthropoda;102
pojo_2;bulk;Asplanchna_spp;Asplanchna;Monogononta;Ploima;Rotifera;151
pojo_2;bulk;Diaphanosoma_brachyurum;Diaphanosoma;Branchiopoda;Ctenopoda;Arthropoda;73126
pojo_2;eDNA;Diaphanosoma_brachyurum;Diaphanosoma;Branchiopoda;Ctenopoda;Arthropoda;320878
pojo_2;bulk;Diplostraca;Unknown;Branchiopoda;Unknown;Arthropoda;24299
pojo_2;eDNA;Diplostraca;Unknown;Branchiopoda;Unknown;Arthropoda;97
pojo_2;eDNA;Ephydatia_muelleri;Ephydatia;Demospongiae;Spongillida;Porifera;18
pojo_2;bulk;Eurytemora_affinis;Eurytemora;Copepoda;Calanoida;Arthropoda;11844
pojo_2;eDNA;Eurytemora_affinis;Eurytemora;Copepoda;Calanoida;Arthropoda;3672
pojo_2;bulk;Eurytemora_velox;Eurytemora;Copepoda;Calanoida;Arthropoda;1831
pojo_2;eDNA;Eurytemora_velox;Eurytemora;Copepoda;Calanoida;Arthropoda;2460
pojo_2;bulk;Hydra_oligactis;Hydra;Hydrozoa;Anthoathecata;Cnidaria;1949
pojo_2;eDNA;Hydra_oligactis;Hydra;Hydrozoa;Anthoathecata;Cnidaria;1761
pojo_2;bulk;Keratella_cochlearis;Keratella;Monogononta;Ploima;Rotifera;82257
pojo_2;eDNA;Keratella_cochlearis;Keratella;Monogononta;Ploima;Rotifera;126504
pojo_2;eDNA;Marenzelleria_viridis;Marenzelleria;Polychaeta;Spionida;Annelida;8
pojo_2;bulk;Megacyclops_viridis;Megacyclops;Copepoda;Cyclopoida;Arthropoda;1930
pojo_2;eDNA;Megacyclops_viridis;Megacyclops;Copepoda;Cyclopoida;Arthropoda;178
pojo_2;bulk;Mesocyclops_leuckarti;Mesocyclops;Copepoda;Cyclopoida;Arthropoda;8072
pojo_2;eDNA;Mesocyclops_leuckarti;Mesocyclops;Copepoda;Cyclopoida;Arthropoda;144
pojo_2;bulk;Polyarthra_dolichoptera;Polyarthra_hn;Monogononta;Ploima;Rotifera;6666
pojo_2;eDNA;Polyarthra_dolichoptera;Polyarthra_hn;Monogononta;Ploima;Rotifera;7305
pojo_2;eDNA;Sida_crystallina;Sida;Branchiopoda;Ctenopoda;Arthropoda;34
pojo_2;bulk;Thermocyclops_oithonoides;Thermocyclops;Copepoda;Cyclopoida;Arthropoda;6224
pojo_2;eDNA;Thermocyclops_oithonoides;Thermocyclops;Copepoda;Cyclopoida;Arthropoda;4436
semi_1;bulk;Acartia_sp;Acartia;Copepoda;Calanoida;Arthropoda;19411
semi_1;eDNA;Acartia_sp;Acartia;Copepoda;Calanoida;Arthropoda;3568
semi_1;bulk;Acartia_tonsa;Acartia;Copepoda;Calanoida;Arthropoda;395117
semi_1;eDNA;Acartia_tonsa;Acartia;Copepoda;Calanoida;Arthropoda;715925
semi_1;eDNA;Arthropoda_sp;Unknown;Unknown;Unknown;Arthropoda;2
semi_1;eDNA;Cerastoderma_glaucum;Cerastoderma;Bivalvia;Cardiida;Mollusca;3532
semi_1;eDNA;Corymorpha_sp;Corymorpha;Hydrozoa;Anthoathecata;Cnidaria;31
semi_1;eDNA;Diplostraca;Unknown;Branchiopoda;Anomopoda;Arthropoda;11
semi_1;bulk;Diplostraca;Unknown;Branchiopoda;Unknown;Arthropoda;16909
semi_1;eDNA;Diplostraca;Unknown;Branchiopoda;Unknown;Arthropoda;1
semi_1;eDNA;Eucyclops_macrurus;Eucyclops;Copepoda;Cyclopoida;Arthropoda;3
semi_1;bulk;Eurytemora_affinis;Eurytemora;Copepoda;Calanoida;Arthropoda;22178
semi_1;eDNA;Eurytemora_affinis;Eurytemora;Copepoda;Calanoida;Arthropoda;1953
semi_1;bulk;Eurytemora_velox;Eurytemora;Copepoda;Calanoida;Arthropoda;191
semi_1;eDNA;Hediste_astae;Hediste;Polychaeta;Phyllodocida;Annelida;27
semi_1;bulk;Keratella;Keratella;Monogononta;Ploima;Rotifera;714
semi_1;bulk;Keratella_cochlearis;Keratella;Monogononta;Ploima;Rotifera;17086
semi_1;eDNA;Keratella_cochlearis;Keratella;Monogononta;Ploima;Rotifera;11886
semi_1;eDNA;Marenzelleria_viridis;Marenzelleria;Polychaeta;Spionida;Annelida;1
semi_1;bulk;Megacyclops_viridis;Megacyclops;Copepoda;Cyclopoida;Arthropoda;429
semi_1;bulk;Pleopis_polyphemoides;Pleopis;Branchiopoda;Onychopoda;Arthropoda;59
semi_1;eDNA;Pleopis_polyphemoides;Pleopis;Branchiopoda;Onychopoda;Arthropoda;29
semi_1;bulk;Synchaeta_spp;Synchaeta;Monogononta;Ploima;Rotifera;5190
semi_1;eDNA;Synchaeta_spp;Synchaeta;Monogononta;Ploima;Rotifera;2694
semi_1;bulk;Tenellia_adspersa;Tenellia;Gastropoda;Nudibranchia;Mollusca;500
semi_1;eDNA;Tenellia_adspersa;Tenellia;Gastropoda;Nudibranchia;Mollusca;7
semi_1;eDNA;Trichocerca_capucina;Trichocerca;Monogononta;Ploima;Rotifera;580
semi_2;bulk;Acartia_sp;Acartia;Copepoda;Calanoida;Arthropoda;2913
semi_2;bulk;Acartia_tonsa;Acartia;Copepoda;Calanoida;Arthropoda;606819
semi_2;eDNA;Acartia_tonsa;Acartia;Copepoda;Calanoida;Arthropoda;590910
semi_2;eDNA;Arthropoda_sp;Unknown;Unknown;Unknown;Arthropoda;13
semi_2;bulk;Cerastoderma_glaucum;Cerastoderma;Bivalvia;Cardiida;Mollusca;264
semi_2;eDNA;Cerastoderma_glaucum;Cerastoderma;Bivalvia;Cardiida;Mollusca;2219
semi_2;eDNA;Chaetogaster_diaphanus;Chaetogaster;Clitellata;Tubificida;Annelida;12
semi_2;eDNA;Diaphanosoma_brachyurum;Diaphanosoma;Branchiopoda;Ctenopoda;Arthropoda;10
semi_2;bulk;Diplostraca;Unknown;Branchiopoda;Anomopoda;Arthropoda;1
semi_2;eDNA;Diplostraca;Unknown;Branchiopoda;Anomopoda;Arthropoda;2
semi_2;bulk;Eurytemora_affinis;Eurytemora;Copepoda;Calanoida;Arthropoda;11405
semi_2;eDNA;Eurytemora_affinis;Eurytemora;Copepoda;Calanoida;Arthropoda;6640
semi_2;bulk;Eurytemora_carolleeae;Eurytemora;Copepoda;Calanoida;Arthropoda;5
semi_2;bulk;Keratella;Keratella;Monogononta;Ploima;Rotifera;259
semi_2;bulk;Keratella_cochlearis;Keratella;Monogononta;Ploima;Rotifera;26886
semi_2;eDNA;Keratella_cochlearis;Keratella;Monogononta;Ploima;Rotifera;58784
semi_2;eDNA;Macrocyclops_distinctus;Macrocyclops;Copepoda;Cyclopoida;Arthropoda;29
semi_2;bulk;Megacyclops_viridis;Megacyclops;Copepoda;Cyclopoida;Arthropoda;137
semi_2;eDNA;Megacyclops_viridis;Megacyclops;Copepoda;Cyclopoida;Arthropoda;41
semi_2;bulk;Pleopis_polyphemoides;Pleopis;Branchiopoda;Onychopoda;Arthropoda;14
semi_2;eDNA;Pleopis_polyphemoides;Pleopis;Branchiopoda;Onychopoda;Arthropoda;3
semi_2;bulk;Ploesoma_sp;Ploesoma;Monogononta;Ploima;Rotifera;101
semi_2;eDNA;Synchaeta_spp;Synchaeta;Monogononta;Ploima;Rotifera;17
semi_2;bulk;Temora_longicornis;Temora;Copepoda;Calanoida;Arthropoda;13
semi_2;eDNA;Trichocerca_capucina;Trichocerca;Monogononta;Ploima;Rotifera;66
semi_3;bulk;Acartia_sp;Acartia;Copepoda;Calanoida;Arthropoda;17356
semi_3;bulk;Acartia_tonsa;Acartia;Copepoda;Calanoida;Arthropoda;526806
semi_3;eDNA;Acartia_tonsa;Acartia;Copepoda;Calanoida;Arthropoda;542765
semi_3;eDNA;Arthropoda_sp;Unknown;Unknown;Unknown;Arthropoda;5
semi_3;bulk;Bivalvia;Unknown;Bivalvia;Unknown;Mollusca;1
semi_3;bulk;Cerastoderma_glaucum;Cerastoderma;Bivalvia;Cardiida;Mollusca;151
semi_3;eDNA;Cerastoderma_glaucum;Cerastoderma;Bivalvia;Cardiida;Mollusca;81
semi_3;eDNA;Corymorpha_sp;Corymorpha;Hydrozoa;Anthoathecata;Cnidaria;6
semi_3;bulk;Euchlanis_dilatata;Euchlanis;Monogononta;Ploima;Rotifera;1828
semi_3;eDNA;Euchlanis_dilatata;Euchlanis;Monogononta;Ploima;Rotifera;1942
semi_3;bulk;Eurytemora_affinis;Eurytemora;Copepoda;Calanoida;Arthropoda;1457
semi_3;eDNA;Eurytemora_affinis;Eurytemora;Copepoda;Calanoida;Arthropoda;7692
semi_3;eDNA;Hediste_astae;Hediste;Polychaeta;Phyllodocida;Annelida;167
semi_3;eDNA;Hydra_oligactis;Hydra;Hydrozoa;Anthoathecata;Cnidaria;7
semi_3;bulk;Keratella_cochlearis;Keratella;Monogononta;Ploima;Rotifera;10733
semi_3;eDNA;Keratella_cochlearis;Keratella;Monogononta;Ploima;Rotifera;24157
semi_3;eDNA;Lepadellidae_sp;Unknown;Monogononta;Ploima;Rotifera;78
semi_3;eDNA;Megacyclops_viridis;Megacyclops;Copepoda;Cyclopoida;Arthropoda;3
semi_3;bulk;Pleopis_polyphemoides;Pleopis;Branchiopoda;Onychopoda;Arthropoda;9
semi_3;eDNA;Pleopis_polyphemoides;Pleopis;Branchiopoda;Onychopoda;Arthropoda;1
semi_3;eDNA;Ploesoma_sp;Ploesoma;Monogononta;Ploima;Rotifera;38
semi_3;eDNA;Synchaeta_spp;Synchaeta;Monogononta;Ploima;Rotifera;6360
semi_3;eDNA;Tenellia_adspersa;Tenellia;Gastropoda;Nudibranchia;Mollusca;18
semi_3;bulk;Thersitina_gasterostei;Thersitina;Copepoda;Cyclopoida;Arthropoda;10
semi_3;eDNA;Trichocerca_capucina;Trichocerca;Monogononta;Ploima;Rotifera;188
semi_4;bulk;Acartia_sp;Acartia;Copepoda;Calanoida;Arthropoda;1248
semi_4;eDNA;Acartia_sp;Acartia;Copepoda;Calanoida;Arthropoda;8830
semi_4;bulk;Acartia_tonsa;Acartia;Copepoda;Calanoida;Arthropoda;626091
semi_4;eDNA;Acartia_tonsa;Acartia;Copepoda;Calanoida;Arthropoda;489848
semi_4;bulk;Arthropoda_sp;Unknown;Unknown;Unknown;Arthropoda;7
semi_4;bulk;Asplanchna_spp;Asplanchna;Monogononta;Ploima;Rotifera;8
semi_4;bulk;Cerastoderma_glaucum;Cerastoderma;Bivalvia;Cardiida;Mollusca;112
semi_4;eDNA;Cerastoderma_glaucum;Cerastoderma;Bivalvia;Cardiida;Mollusca;1
semi_4;eDNA;Chaetogaster_diaphanus;Chaetogaster;Clitellata;Tubificida;Annelida;1
semi_4;bulk;Cyclopidae;Unknown;Copepoda;Cyclopoida;Arthropoda;2
semi_4;bulk;Diplostraca;Unknown;Branchiopoda;Unknown;Arthropoda;23426
semi_4;bulk;Euchlanis_dilatata;Euchlanis;Monogononta;Ploima;Rotifera;1098
semi_4;bulk;Eucyclops_macruroides;Eucyclops;Copepoda;Cyclopoida;Arthropoda;3
semi_4;bulk;Eucyclops_macrurus;Eucyclops;Copepoda;Cyclopoida;Arthropoda;2
semi_4;bulk;Eurytemora_affinis;Eurytemora;Copepoda;Calanoida;Arthropoda;195
semi_4;eDNA;Eurytemora_affinis;Eurytemora;Copepoda;Calanoida;Arthropoda;17
semi_4;bulk;Eurytemora_carolleeae;Eurytemora;Copepoda;Calanoida;Arthropoda;261
semi_4;bulk;Eurytemora_velox;Eurytemora;Copepoda;Calanoida;Arthropoda;57
semi_4;eDNA;Hydra_oligactis;Hydra;Hydrozoa;Anthoathecata;Cnidaria;14
semi_4;bulk;Keratella;Keratella;Monogononta;Ploima;Rotifera;18
semi_4;bulk;Keratella_cochlearis;Keratella;Monogononta;Ploima;Rotifera;851
semi_4;eDNA;Keratella_cochlearis;Keratella;Monogononta;Ploima;Rotifera;4848
semi_4;eDNA;Macrocyclops_distinctus;Macrocyclops;Copepoda;Cyclopoida;Arthropoda;6
semi_4;eDNA;Marenzelleria_viridis;Marenzelleria;Polychaeta;Spionida;Annelida;3
semi_4;bulk;Megacyclops_viridis;Megacyclops;Copepoda;Cyclopoida;Arthropoda;499
semi_4;bulk;Mesocyclops_leuckarti;Mesocyclops;Copepoda;Cyclopoida;Arthropoda;30
semi_4;bulk;Mytilopsis_leucophaeata;Mytilopsis;Bivalvia;Myida;Mollusca;4
semi_4;bulk;Ploesoma_sp;Ploesoma;Monogononta;Ploima;Rotifera;777
semi_4;eDNA;Polyarthra_sp;Polyarthra_hn;Monogononta;Ploima;Rotifera;4
semi_4;eDNA;Stylaria_lacustris;Stylaria;Clitellata;Tubificida;Annelida;2
semi_4;bulk;Synchaeta_spp;Synchaeta;Monogononta;Ploima;Rotifera;66
semi_4;bulk;Tenellia_adspersa;Tenellia;Gastropoda;Nudibranchia;Mollusca;62
semi_4;eDNA;Tenellia_adspersa;Tenellia;Gastropoda;Nudibranchia;Mollusca;731
semi_5;bulk;Acartia_sp;Acartia;Copepoda;Calanoida;Arthropoda;3199
semi_5;eDNA;Acartia_sp;Acartia;Copepoda;Calanoida;Arthropoda;90
semi_5;bulk;Acartia_tonsa;Acartia;Copepoda;Calanoida;Arthropoda;705652
semi_5;eDNA;Acartia_tonsa;Acartia;Copepoda;Calanoida;Arthropoda;142441
semi_5;eDNA;Arthropoda_sp;Unknown;Unknown;Unknown;Arthropoda;4
semi_5;eDNA;Diaphanosoma_brachyurum;Diaphanosoma;Branchiopoda;Ctenopoda;Arthropoda;10
semi_5;eDNA;Diplostraca;Unknown;Branchiopoda;Anomopoda;Arthropoda;1
semi_5;eDNA;Hydra_oligactis;Hydra;Hydrozoa;Anthoathecata;Cnidaria;17
semi_5;eDNA;Hydra_sp;Hydra;Hydrozoa;Anthoathecata;Cnidaria;3
semi_5;bulk;Keratella;Keratella;Monogononta;Ploima;Rotifera;38
semi_5;bulk;Keratella_cochlearis;Keratella;Monogononta;Ploima;Rotifera;5684
semi_5;eDNA;Keratella_cochlearis;Keratella;Monogononta;Ploima;Rotifera;1828
semi_5;eDNA;Macrocyclops_distinctus;Macrocyclops;Copepoda;Cyclopoida;Arthropoda;4
semi_5;bulk;Pleopis_polyphemoides;Pleopis;Branchiopoda;Onychopoda;Arthropoda;42
semi_5;eDNA;Sida_crystallina;Sida;Branchiopoda;Ctenopoda;Arthropoda;3
semi_5;bulk;Synchaeta_spp;Synchaeta;Monogononta;Ploima;Rotifera;15
semi_5;bulk;Tenellia_adspersa;Tenellia;Gastropoda;Nudibranchia;Mollusca;572
shel_1;bulk;Acartia_sp;Acartia;Copepoda;Calanoida;Arthropoda;1808
shel_1;eDNA;Acartia_sp;Acartia;Copepoda;Calanoida;Arthropoda;15547
shel_1;bulk;Acartia_tonsa;Acartia;Copepoda;Calanoida;Arthropoda;398319
shel_1;eDNA;Acartia_tonsa;Acartia;Copepoda;Calanoida;Arthropoda;565662
shel_1;eDNA;Arthropoda_sp;Unknown;Unknown;Unknown;Arthropoda;59
shel_1;bulk;Cerastoderma_glaucum;Cerastoderma;Bivalvia;Cardiida;Mollusca;8
shel_1;eDNA;Corymorpha_sp;Corymorpha;Hydrozoa;Anthoathecata;Cnidaria;2
shel_1;bulk;Diaphanosoma_brachyurum;Diaphanosoma;Branchiopoda;Ctenopoda;Arthropoda;1
shel_1;eDNA;Diaphanosoma_brachyurum;Diaphanosoma;Branchiopoda;Ctenopoda;Arthropoda;2220
shel_1;bulk;Diplostraca;Unknown;Branchiopoda;Unknown;Arthropoda;47
shel_1;eDNA;Diplostraca;Unknown;Branchiopoda;Unknown;Arthropoda;19046
shel_1;bulk;Euchlanis_dilatata;Euchlanis;Monogononta;Ploima;Rotifera;5
shel_1;eDNA;Eucyclops_macruroides;Eucyclops;Copepoda;Cyclopoida;Arthropoda;2
shel_1;bulk;Eurytemora_affinis;Eurytemora;Copepoda;Calanoida;Arthropoda;319
shel_1;eDNA;Eurytemora_affinis;Eurytemora;Copepoda;Calanoida;Arthropoda;1141
shel_1;eDNA;Hydra_oligactis;Hydra;Hydrozoa;Anthoathecata;Cnidaria;546
shel_1;bulk;Keratella_cochlearis;Keratella;Monogononta;Ploima;Rotifera;393
shel_1;eDNA;Keratella_cochlearis;Keratella;Monogononta;Ploima;Rotifera;3484
shel_1;bulk;Megacyclops_viridis;Megacyclops;Copepoda;Cyclopoida;Arthropoda;2
shel_1;eDNA;Megacyclops_viridis;Megacyclops;Copepoda;Cyclopoida;Arthropoda;528
shel_1;eDNA;Mesocyclops_leuckarti;Mesocyclops;Copepoda;Cyclopoida;Arthropoda;65
shel_1;eDNA;Mytilopsis_leucophaeata;Mytilopsis;Bivalvia;Myida;Mollusca;61
shel_1;bulk;Pleopis_polyphemoides;Pleopis;Branchiopoda;Onychopoda;Arthropoda;1
shel_1;eDNA;Sida_crystallina;Sida;Branchiopoda;Ctenopoda;Arthropoda;51
shel_1;eDNA;Synchaeta_spp;Synchaeta;Monogononta;Ploima;Rotifera;5
shel_2;bulk;Acartia_sp;Acartia;Copepoda;Calanoida;Arthropoda;8783
shel_2;eDNA;Acartia_sp;Acartia;Copepoda;Calanoida;Arthropoda;1
shel_2;bulk;Acartia_tonsa;Acartia;Copepoda;Calanoida;Arthropoda;599297
shel_2;eDNA;Acartia_tonsa;Acartia;Copepoda;Calanoida;Arthropoda;742159
shel_2;bulk;Arthropoda_sp;Unknown;Unknown;Unknown;Arthropoda;107
shel_2;eDNA;Arthropoda_sp;Unknown;Unknown;Unknown;Arthropoda;80
shel_2;eDNA;Brachionidae_sp;Unknown;Monogononta;Ploima;Rotifera;3
shel_2;eDNA;Cerastoderma_glaucum;Cerastoderma;Bivalvia;Cardiida;Mollusca;465
shel_2;eDNA;Corymorpha_sp;Corymorpha;Hydrozoa;Anthoathecata;Cnidaria;6
shel_2;eDNA;Diaphanosoma_brachyurum;Diaphanosoma;Branchiopoda;Ctenopoda;Arthropoda;2
shel_2;eDNA;Diplostraca;Unknown;Branchiopoda;Unknown;Arthropoda;11496
shel_2;eDNA;Euchlanis_dilatata;Euchlanis;Monogononta;Ploima;Rotifera;898
shel_2;eDNA;Eucyclops_macrurus;Eucyclops;Copepoda;Cyclopoida;Arthropoda;16
shel_2;bulk;Eurytemora_affinis;Eurytemora;Copepoda;Calanoida;Arthropoda;290
shel_2;eDNA;Eurytemora_affinis;Eurytemora;Copepoda;Calanoida;Arthropoda;5452
shel_2;eDNA;Eurytemora_carolleeae;Eurytemora;Copepoda;Calanoida;Arthropoda;86
shel_2;eDNA;Hediste_astae;Hediste;Polychaeta;Phyllodocida;Annelida;7
shel_2;eDNA;Hydra_oligactis;Hydra;Hydrozoa;Anthoathecata;Cnidaria;543
shel_2;bulk;Keratella_cochlearis;Keratella;Monogononta;Ploima;Rotifera;8982
shel_2;eDNA;Keratella_cochlearis;Keratella;Monogononta;Ploima;Rotifera;1879
shel_2;eDNA;Megacyclops_viridis;Megacyclops;Copepoda;Cyclopoida;Arthropoda;83
shel_2;eDNA;Mesocyclops_leuckarti;Mesocyclops;Copepoda;Cyclopoida;Arthropoda;29
shel_2;eDNA;Mytilopsis_leucophaeata;Mytilopsis;Bivalvia;Myida;Mollusca;51
shel_2;eDNA;Sida_crystallina;Sida;Branchiopoda;Ctenopoda;Arthropoda;94
shel_2;eDNA;Synchaeta_spp;Synchaeta;Monogononta;Ploima;Rotifera;10
shel_3;bulk;Acartia_sp;Acartia;Copepoda;Calanoida;Arthropoda;14905
shel_3;eDNA;Acartia_sp;Acartia;Copepoda;Calanoida;Arthropoda;14
shel_3;bulk;Acartia_tonsa;Acartia;Copepoda;Calanoida;Arthropoda;470918
shel_3;eDNA;Acartia_tonsa;Acartia;Copepoda;Calanoida;Arthropoda;1462960
shel_3;eDNA;Cerastoderma_glaucum;Cerastoderma;Bivalvia;Cardiida;Mollusca;13
shel_3;bulk;Diaphanosoma_brachyurum;Diaphanosoma;Branchiopoda;Ctenopoda;Arthropoda;3736
shel_3;eDNA;Diaphanosoma_brachyurum;Diaphanosoma;Branchiopoda;Ctenopoda;Arthropoda;3
shel_3;bulk;Diplostraca;Unknown;Branchiopoda;Unknown;Arthropoda;11325
shel_3;eDNA;Diplostraca;Unknown;Branchiopoda;Unknown;Arthropoda;25
shel_3;eDNA;Euchlanis_dilatata;Euchlanis;Monogononta;Ploima;Rotifera;7
shel_3;bulk;Eucyclops_macruroides;Eucyclops;Copepoda;Cyclopoida;Arthropoda;72
shel_3;bulk;Eurytemora_affinis;Eurytemora;Copepoda;Calanoida;Arthropoda;66
shel_3;eDNA;Eurytemora_affinis;Eurytemora;Copepoda;Calanoida;Arthropoda;53
shel_3;bulk;Eurytemora_carolleeae;Eurytemora;Copepoda;Calanoida;Arthropoda;17
shel_3;eDNA;Eurytemora_carolleeae;Eurytemora;Copepoda;Calanoida;Arthropoda;12
shel_3;bulk;Eurytemora_velox;Eurytemora;Copepoda;Calanoida;Arthropoda;18
shel_3;eDNA;Hydra_oligactis;Hydra;Hydrozoa;Anthoathecata;Cnidaria;468
shel_3;bulk;Keratella_cochlearis;Keratella;Monogononta;Ploima;Rotifera;755
shel_3;eDNA;Keratella_cochlearis;Keratella;Monogononta;Ploima;Rotifera;18657
shel_3;bulk;Megacyclops_viridis;Megacyclops;Copepoda;Cyclopoida;Arthropoda;328
shel_3;eDNA;Megacyclops_viridis;Megacyclops;Copepoda;Cyclopoida;Arthropoda;57
shel_3;bulk;Mesocyclops_leuckarti;Mesocyclops;Copepoda;Cyclopoida;Arthropoda;5
shel_3;eDNA;Mesocyclops_leuckarti;Mesocyclops;Copepoda;Cyclopoida;Arthropoda;1
shel_3;bulk;Mytilopsis_leucophaeata;Mytilopsis;Bivalvia;Myida;Mollusca;2
shel_3;eDNA;Pleopis_polyphemoides;Pleopis;Branchiopoda;Onychopoda;Arthropoda;10
shel_3;bulk;Ploesoma_sp;Ploesoma;Monogononta;Ploima;Rotifera;263
shel_3;bulk;Sida_crystallina;Sida;Branchiopoda;Ctenopoda;Arthropoda;6
shel_3;eDNA;Sida_crystallina;Sida;Branchiopoda;Ctenopoda;Arthropoda;72
shel_3;eDNA;Synchaeta_spp;Synchaeta;Monogononta;Ploima;Rotifera;150
shel_3;bulk;Tenellia_adspersa;Tenellia;Gastropoda;Nudibranchia;Mollusca;102
shel_3;eDNA;Tenellia_adspersa;Tenellia;Gastropoda;Nudibranchia;Mollusca;9028
shel_4;bulk;Acartia_sp;Acartia;Copepoda;Calanoida;Arthropoda;2631
shel_4;eDNA;Acartia_sp;Acartia;Copepoda;Calanoida;Arthropoda;259
shel_4;bulk;Acartia_tonsa;Acartia;Copepoda;Calanoida;Arthropoda;396369
shel_4;eDNA;Acartia_tonsa;Acartia;Copepoda;Calanoida;Arthropoda;264242
shel_4;eDNA;Arthropoda_sp;Unknown;Unknown;Unknown;Arthropoda;5
shel_4;bulk;Asplanchna_spp;Asplanchna;Monogononta;Ploima;Rotifera;9
shel_4;eDNA;Chaetogaster_diaphanus;Chaetogaster;Clitellata;Tubificida;Annelida;2
shel_4;bulk;Cyclopidae;Unknown;Copepoda;Cyclopoida;Arthropoda;5
shel_4;bulk;Diaphanosoma_brachyurum;Diaphanosoma;Branchiopoda;Ctenopoda;Arthropoda;391
shel_4;bulk;Diplostraca;Unknown;Branchiopoda;Unknown;Arthropoda;403
shel_4;eDNA;Diplostraca;Unknown;Branchiopoda;Unknown;Arthropoda;2
shel_4;eDNA;Eucyclops_macrurus;Eucyclops;Copepoda;Cyclopoida;Arthropoda;2
shel_4;bulk;Eurytemora_affinis;Eurytemora;Copepoda;Calanoida;Arthropoda;209
shel_4;eDNA;Hydra_oligactis;Hydra;Hydrozoa;Anthoathecata;Cnidaria;27
shel_4;bulk;Keratella;Keratella;Monogononta;Ploima;Rotifera;8
shel_4;bulk;Keratella_cochlearis;Keratella;Monogononta;Ploima;Rotifera;1854
shel_4;eDNA;Keratella_cochlearis;Keratella;Monogononta;Ploima;Rotifera;1716
shel_4;eDNA;Marenzelleria_viridis;Marenzelleria;Polychaeta;Spionida;Annelida;3
shel_4;bulk;Megacyclops_viridis;Megacyclops;Copepoda;Cyclopoida;Arthropoda;32
shel_4;eDNA;Megacyclops_viridis;Megacyclops;Copepoda;Cyclopoida;Arthropoda;27
shel_4;eDNA;Mesocyclops_leuckarti;Mesocyclops;Copepoda;Cyclopoida;Arthropoda;9
shel_4;eDNA;Mytilopsis_leucophaeata;Mytilopsis;Bivalvia;Myida;Mollusca;1
shel_4;eDNA;Polyarthra_sp;Polyarthra_hn;Monogononta;Ploima;Rotifera;1
shel_4;eDNA;Sida_crystallina;Sida;Branchiopoda;Ctenopoda;Arthropoda;11
shel_4;bulk;Synchaeta_spp;Synchaeta;Monogononta;Ploima;Rotifera;5
shel_4;bulk;Tenellia_adspersa;Tenellia;Gastropoda;Nudibranchia;Mollusca;4
shel_5;bulk;Acartia_sp;Acartia;Copepoda;Calanoida;Arthropoda;1
shel_5;eDNA;Acartia_sp;Acartia;Copepoda;Calanoida;Arthropoda;38
shel_5;bulk;Acartia_tonsa;Acartia;Copepoda;Calanoida;Arthropoda;673949
shel_5;eDNA;Acartia_tonsa;Acartia;Copepoda;Calanoida;Arthropoda;557417
shel_5;eDNA;Arthropoda_sp;Unknown;Unknown;Unknown;Arthropoda;4
shel_5;eDNA;Hydra_oligactis;Hydra;Hydrozoa;Anthoathecata;Cnidaria;29
shel_5;bulk;Keratella_cochlearis;Keratella;Monogononta;Ploima;Rotifera;24121
shel_5;eDNA;Keratella_cochlearis;Keratella;Monogononta;Ploima;Rotifera;10629
shel_5;eDNA;Marenzelleria_viridis;Marenzelleria;Polychaeta;Spionida;Annelida;2
shel_5;bulk;Mytilopsis_leucophaeata;Mytilopsis;Bivalvia;Myida;Mollusca;2
shel_5;bulk;Pleopis_polyphemoides;Pleopis;Branchiopoda;Onychopoda;Arthropoda;7
shel_5;eDNA;Polyarthra_sp;Polyarthra_hn;Monogononta;Ploima;Rotifera;3
